Order Date;Category;Sub-Category;Sales
01/01/2021;Furniture;Furnishings;664,746
01/01/2021;Furniture;Chairs;310,744
01/01/2021;Office Supplies;Storage;454,56
01/01/2021;Office Supplies;Binders;23,818
01/01/2021;Office Supplies;Art;12,736
01/01/2021;Office Supplies;Appliances;15,224
02/01/2021;Furniture;Tables;913,43
02/01/2021;Office Supplies;Storage;372,144
02/01/2021;Office Supplies;Binders;44,514
02/01/2021;Office Supplies;Art;31,744
02/01/2021;Office Supplies;Appliances;5,432
02/01/2021;Technology;Machines;695,7
02/01/2021;Technology;Accessories;16,59
03/01/2021;Office Supplies;Paper;38,88
03/01/2021;Office Supplies;Binders;2022,272
03/01/2021;Office Supplies;Art;9,12
06/01/2021;Office Supplies;Binders;33,74
07/01/2021;Office Supplies;Supplies;110,11
07/01/2021;Office Supplies;Storage;214,8
07/01/2021;Office Supplies;Fasteners;7,89
07/01/2021;Office Supplies;Binders;2,808
07/01/2021;Technology;Machines;3059,982
08/01/2021;Furniture;Tables;892,98
09/01/2021;Office Supplies;Binders;274,491
12/01/2021;Furniture;Furnishings;37,68
12/01/2021;Office Supplies;Paper;40,08
12/01/2021;Office Supplies;Envelopes;9,78
12/01/2021;Office Supplies;Binders;760,98
13/01/2021;Furniture;Bookcases;212,94
13/01/2021;Office Supplies;Supplies;4164,05
13/01/2021;Office Supplies;Paper;32,4
13/01/2021;Office Supplies;Art;209,94
14/01/2021;Furniture;Furnishings;18,96
14/01/2021;Office Supplies;Storage;254,784
14/01/2021;Office Supplies;Paper;202,528
14/01/2021;Office Supplies;Fasteners;2,52
14/01/2021;Office Supplies;Envelopes;40,08
14/01/2021;Office Supplies;Binders;8,478
14/01/2021;Technology;Phones;187,704
14/01/2021;Technology;Accessories;340,984
15/01/2021;Office Supplies;Paper;12,7
15/01/2021;Office Supplies;Binders;37,06
15/01/2021;Office Supplies;Art;21,4
15/01/2021;Office Supplies;Appliances;1958,544
15/01/2021;Technology;Accessories;110,576
16/01/2021;Furniture;Tables;399,672
16/01/2021;Furniture;Furnishings;27,92
16/01/2021;Furniture;Chairs;302,67
16/01/2021;Office Supplies;Paper;56,07
16/01/2021;Office Supplies;Binders;5443,96
19/01/2021;Furniture;Furnishings;31,968
19/01/2021;Furniture;Chairs;887,271
19/01/2021;Office Supplies;Paper;113,896
19/01/2021;Office Supplies;Labels;6
19/01/2021;Office Supplies;Envelopes;2,04
19/01/2021;Office Supplies;Appliances;542,94
19/01/2021;Technology;Phones;429,6
20/01/2021;Furniture;Chairs;207,846
20/01/2021;Office Supplies;Labels;11,52
20/01/2021;Office Supplies;Art;27,72
20/01/2021;Technology;Phones;520,752
21/01/2021;Furniture;Bookcases;84,98
21/01/2021;Office Supplies;Storage;591,148
21/01/2021;Office Supplies;Envelopes;268,576
21/01/2021;Office Supplies;Binders;286,056
21/01/2021;Technology;Phones;164,99
21/01/2021;Technology;Machines;350,973
21/01/2021;Technology;Accessories;799,92
22/01/2021;Office Supplies;Storage;1177,47
22/01/2021;Office Supplies;Paper;11,96
22/01/2021;Office Supplies;Fasteners;15,12
22/01/2021;Office Supplies;Art;7,872
22/01/2021;Technology;Copiers;2999,95
23/01/2021;Furniture;Tables;210,98
23/01/2021;Office Supplies;Paper;32,4
23/01/2021;Office Supplies;Binders;24,618
23/01/2021;Technology;Phones;86,352
23/01/2021;Technology;Accessories;95,984
24/01/2021;Office Supplies;Fasteners;5,67
24/01/2021;Office Supplies;Binders;276,784
24/01/2021;Office Supplies;Appliances;25,86
24/01/2021;Technology;Phones;110,352
26/01/2021;Furniture;Furnishings;62,72
26/01/2021;Office Supplies;Storage;18,16
26/01/2021;Office Supplies;Fasteners;11,84
26/01/2021;Office Supplies;Binders;7,16
26/01/2021;Office Supplies;Art;15,47
26/01/2021;Technology;Phones;2939,93
27/01/2021;Office Supplies;Art;14,016
27/01/2021;Technology;Phones;245,922
27/01/2021;Technology;Accessories;71,976
28/01/2021;Furniture;Furnishings;37,74
28/01/2021;Office Supplies;Paper;279,9
28/01/2021;Technology;Accessories;689,88
29/01/2021;Furniture;Furnishings;14,91
29/01/2021;Office Supplies;Supplies;8,57
29/01/2021;Office Supplies;Storage;13,48
29/01/2021;Office Supplies;Paper;107,81
29/01/2021;Office Supplies;Labels;5,22
29/01/2021;Office Supplies;Binders;131,744
29/01/2021;Office Supplies;Art;13,108
30/01/2021;Furniture;Tables;69,375
30/01/2021;Furniture;Furnishings;34,58
30/01/2021;Furniture;Chairs;539,92
30/01/2021;Office Supplies;Supplies;31,68
30/01/2021;Office Supplies;Storage;129,3
30/01/2021;Office Supplies;Binders;58,34
30/01/2021;Office Supplies;Art;71,204
30/01/2021;Technology;Phones;2814,936
02/02/2021;Furniture;Furnishings;296,84
02/02/2021;Office Supplies;Storage;139,04
02/02/2021;Office Supplies;Paper;78,304
02/02/2021;Office Supplies;Fasteners;21,456
02/02/2021;Office Supplies;Binders;30,96
02/02/2021;Office Supplies;Appliances;46,8
02/02/2021;Technology;Phones;59,97
02/02/2021;Technology;Machines;239,984
03/02/2021;Furniture;Furnishings;22,2
03/02/2021;Office Supplies;Storage;285,552
03/02/2021;Office Supplies;Paper;605,464
03/02/2021;Office Supplies;Binders;9,111
04/02/2021;Office Supplies;Appliances;32,67
05/02/2021;Office Supplies;Binders;243,992
05/02/2021;Office Supplies;Art;7,12
05/02/2021;Office Supplies;Appliances;1640,7
05/02/2021;Technology;Phones;371,2
06/02/2021;Furniture;Bookcases;600,754
06/02/2021;Office Supplies;Paper;29,9
06/02/2021;Office Supplies;Binders;46,24
06/02/2021;Technology;Phones;227,46
09/02/2021;Furniture;Furnishings;25,104
09/02/2021;Office Supplies;Storage;354,9
09/02/2021;Office Supplies;Binders;252,784
09/02/2021;Office Supplies;Appliances;12,992
09/02/2021;Technology;Accessories;127,984
10/02/2021;Furniture;Bookcases;203,983
10/02/2021;Office Supplies;Paper;23,12
11/02/2021;Furniture;Furnishings;147,568
11/02/2021;Furniture;Chairs;963,136
11/02/2021;Office Supplies;Labels;20,7
11/02/2021;Office Supplies;Binders;21,336
11/02/2021;Technology;Phones;88,776
13/02/2021;Furniture;Furnishings;107,53
13/02/2021;Office Supplies;Supplies;25,02
13/02/2021;Office Supplies;Paper;17,94
13/02/2021;Office Supplies;Art;17,34
13/02/2021;Office Supplies;Appliances;90,64
13/02/2021;Technology;Accessories;799,96
16/02/2021;Furniture;Furnishings;7,692
16/02/2021;Furniture;Chairs;600,558
16/02/2021;Office Supplies;Storage;629,862
16/02/2021;Office Supplies;Paper;37,94
16/02/2021;Office Supplies;Fasteners;18,368
16/02/2021;Office Supplies;Art;28,032
16/02/2021;Technology;Phones;14,99
17/02/2021;Furniture;Tables;936,93
17/02/2021;Furniture;Furnishings;30,144
17/02/2021;Furniture;Chairs;899,43
17/02/2021;Furniture;Bookcases;89,0664
17/02/2021;Office Supplies;Storage;166,45
17/02/2021;Office Supplies;Paper;11,76
17/02/2021;Office Supplies;Binders;5,715
17/02/2021;Office Supplies;Art;175,44
17/02/2021;Technology;Phones;649,882
18/02/2021;Office Supplies;Labels;9,82
18/02/2021;Technology;Phones;167,976
18/02/2021;Technology;Accessories;109,53
19/02/2021;Furniture;Furnishings;44,67
19/02/2021;Office Supplies;Fasteners;11,22
19/02/2021;Office Supplies;Art;12,84
19/02/2021;Office Supplies;Appliances;1245,86
20/02/2021;Furniture;Tables;386,91
20/02/2021;Furniture;Furnishings;90,934
20/02/2021;Office Supplies;Storage;51,168
20/02/2021;Office Supplies;Fasteners;9,432
20/02/2021;Office Supplies;Envelopes;10,64
20/02/2021;Office Supplies;Art;6,56
20/02/2021;Office Supplies;Appliances;13,11
20/02/2021;Technology;Phones;549,544
20/02/2021;Technology;Accessories;31,992
21/02/2021;Technology;Accessories;47,904
23/02/2021;Office Supplies;Paper;37,44
23/02/2021;Office Supplies;Fasteners;8,4
23/02/2021;Technology;Phones;71,96
24/02/2021;Office Supplies;Paper;123,92
24/02/2021;Office Supplies;Binders;4,956
24/02/2021;Technology;Accessories;1319,8
25/02/2021;Furniture;Chairs;196,784
25/02/2021;Furniture;Bookcases;231,92
25/02/2021;Office Supplies;Binders;1,788
26/02/2021;Furniture;Furnishings;91,96
26/02/2021;Furniture;Chairs;892,224
26/02/2021;Office Supplies;Paper;276,64
26/02/2021;Office Supplies;Appliances;438,71
26/02/2021;Technology;Phones;1148,112
28/02/2021;Office Supplies;Paper;7,78
28/02/2021;Office Supplies;Binders;9,84
02/03/2021;Furniture;Bookcases;441,96
02/03/2021;Office Supplies;Supplies;6,976
02/03/2021;Office Supplies;Paper;68,04
02/03/2021;Office Supplies;Envelopes;57,96
02/03/2021;Office Supplies;Binders;138,954
02/03/2021;Office Supplies;Art;59,52
02/03/2021;Technology;Phones;196,776
02/03/2021;Technology;Accessories;479,94
03/03/2021;Furniture;Tables;399,672
03/03/2021;Furniture;Chairs;351,332
03/03/2021;Office Supplies;Paper;26,88
03/03/2021;Office Supplies;Appliances;72,8
03/03/2021;Technology;Accessories;1149,42
04/03/2021;Furniture;Furnishings;103,5
04/03/2021;Office Supplies;Storage;8,72
04/03/2021;Office Supplies;Paper;89,568
04/03/2021;Office Supplies;Labels;2,464
04/03/2021;Office Supplies;Envelopes;15,25
04/03/2021;Office Supplies;Art;9,32
05/03/2021;Office Supplies;Storage;221,16
05/03/2021;Office Supplies;Labels;25,06
05/03/2021;Office Supplies;Fasteners;7,9
05/03/2021;Office Supplies;Envelopes;42,68
05/03/2021;Office Supplies;Binders;381,01
05/03/2021;Office Supplies;Appliances;262,24
05/03/2021;Technology;Accessories;299,97
06/03/2021;Furniture;Furnishings;71,97
06/03/2021;Office Supplies;Storage;67,78
06/03/2021;Office Supplies;Paper;313,31
06/03/2021;Office Supplies;Labels;16,448
06/03/2021;Office Supplies;Binders;14,976
06/03/2021;Office Supplies;Art;87,368
06/03/2021;Technology;Phones;206,384
07/03/2021;Office Supplies;Labels;91,59
07/03/2021;Office Supplies;Binders;25,92
07/03/2021;Technology;Accessories;49,08
08/03/2021;Office Supplies;Labels;20,7
08/03/2021;Office Supplies;Binders;171,2
08/03/2021;Office Supplies;Art;3,36
08/03/2021;Office Supplies;Appliances;647,84
09/03/2021;Office Supplies;Binders;30,84
09/03/2021;Technology;Copiers;479,984
09/03/2021;Technology;Accessories;199,98
10/03/2021;Furniture;Tables;933,408
10/03/2021;Furniture;Furnishings;50,568
10/03/2021;Office Supplies;Binders;13,092
10/03/2021;Office Supplies;Art;5,248
10/03/2021;Office Supplies;Appliances;48,784
10/03/2021;Technology;Phones;89,892
10/03/2021;Technology;Accessories;111,96
11/03/2021;Furniture;Tables;154,764
11/03/2021;Furniture;Furnishings;26,72
11/03/2021;Office Supplies;Storage;43,28
11/03/2021;Office Supplies;Binders;908,214
11/03/2021;Technology;Phones;776,85
11/03/2021;Technology;Accessories;63,88
12/03/2021;Office Supplies;Storage;242,94
12/03/2021;Office Supplies;Binders;40,41
12/03/2021;Technology;Phones;69,93
13/03/2021;Furniture;Chairs;89,768
13/03/2021;Office Supplies;Supplies;1332,496
13/03/2021;Office Supplies;Storage;90,8
13/03/2021;Office Supplies;Paper;690,822
13/03/2021;Office Supplies;Binders;205,18
13/03/2021;Office Supplies;Art;49,216
13/03/2021;Office Supplies;Appliances;465,16
13/03/2021;Technology;Phones;482,988
13/03/2021;Technology;Machines;209,986
13/03/2021;Technology;Copiers;959,984
13/03/2021;Technology;Accessories;214,95
14/03/2021;Technology;Phones;49,616
16/03/2021;Furniture;Furnishings;51,264
16/03/2021;Office Supplies;Storage;410,854
16/03/2021;Office Supplies;Paper;6,48
16/03/2021;Office Supplies;Binders;95,337
16/03/2021;Office Supplies;Appliances;140,67
16/03/2021;Technology;Phones;1149,792
16/03/2021;Technology;Accessories;159,984
17/03/2021;Office Supplies;Storage;153,97
17/03/2021;Office Supplies;Paper;10,272
17/03/2021;Office Supplies;Labels;30,668
17/03/2021;Office Supplies;Binders;40,376
17/03/2021;Office Supplies;Art;59,1
17/03/2021;Technology;Phones;119,7
17/03/2021;Technology;Accessories;128,66
18/03/2021;Furniture;Furnishings;82,524
18/03/2021;Office Supplies;Envelopes;19,4
18/03/2021;Office Supplies;Binders;182,994
18/03/2021;Office Supplies;Art;83,932
18/03/2021;Office Supplies;Appliances;93,548
18/03/2021;Technology;Phones;537,544
18/03/2021;Technology;Accessories;27,816
19/03/2021;Furniture;Tables;697,16
19/03/2021;Furniture;Furnishings;30,93
19/03/2021;Office Supplies;Labels;28,91
19/03/2021;Office Supplies;Binders;61,944
19/03/2021;Office Supplies;Art;8,94
19/03/2021;Office Supplies;Appliances;381,36
19/03/2021;Technology;Phones;657,504
19/03/2021;Technology;Accessories;299,5
20/03/2021;Furniture;Furnishings;2,91
20/03/2021;Office Supplies;Paper;392,728
20/03/2021;Technology;Accessories;503,93
21/03/2021;Furniture;Furnishings;22,14
21/03/2021;Furniture;Chairs;1805,88
21/03/2021;Office Supplies;Storage;1085,16
21/03/2021;Office Supplies;Paper;283,18
21/03/2021;Office Supplies;Fasteners;13,02
21/03/2021;Office Supplies;Envelopes;8,856
21/03/2021;Office Supplies;Binders;50,016
21/03/2021;Office Supplies;Appliances;64,384
23/03/2021;Furniture;Furnishings;211,84
23/03/2021;Office Supplies;Supplies;347,58
23/03/2021;Office Supplies;Storage;176,208
23/03/2021;Office Supplies;Paper;45,72
23/03/2021;Office Supplies;Binders;34,76
23/03/2021;Technology;Copiers;13999,96
24/03/2021;Furniture;Chairs;479,61
24/03/2021;Office Supplies;Storage;12,768
24/03/2021;Office Supplies;Paper;221,92
24/03/2021;Office Supplies;Envelopes;47,01
24/03/2021;Technology;Phones;469,99
24/03/2021;Technology;Accessories;26
25/03/2021;Furniture;Chairs;1986,52
25/03/2021;Office Supplies;Paper;6,848
25/03/2021;Office Supplies;Binders;185,92
25/03/2021;Office Supplies;Art;50,17
25/03/2021;Office Supplies;Appliances;176,04
25/03/2021;Technology;Phones;681,544
25/03/2021;Technology;Copiers;479,984
26/03/2021;Furniture;Furnishings;60,84
26/03/2021;Furniture;Bookcases;257,568
26/03/2021;Office Supplies;Storage;32,232
26/03/2021;Office Supplies;Paper;74,352
26/03/2021;Office Supplies;Fasteners;3,76
26/03/2021;Office Supplies;Art;19,83
26/03/2021;Office Supplies;Appliances;87,168
26/03/2021;Technology;Phones;119,96
26/03/2021;Technology;Copiers;2399,96
26/03/2021;Technology;Accessories;197,21
27/03/2021;Furniture;Tables;292,1
27/03/2021;Furniture;Furnishings;15,008
27/03/2021;Furniture;Chairs;811,804
27/03/2021;Furniture;Bookcases;1023,332
27/03/2021;Office Supplies;Storage;332,94
27/03/2021;Office Supplies;Paper;186,22
27/03/2021;Office Supplies;Labels;8,26
27/03/2021;Office Supplies;Binders;17,76
27/03/2021;Technology;Phones;206,1
27/03/2021;Technology;Accessories;39,992
28/03/2021;Furniture;Furnishings;48,04
28/03/2021;Office Supplies;Storage;795,48
28/03/2021;Office Supplies;Paper;59,72
28/03/2021;Office Supplies;Binders;68,742
28/03/2021;Technology;Machines;532,72
29/03/2021;Office Supplies;Storage;81,4
30/03/2021;Furniture;Furnishings;94,2
30/03/2021;Office Supplies;Storage;59,76
30/03/2021;Office Supplies;Envelopes;325,86
30/03/2021;Office Supplies;Binders;5,715
30/03/2021;Office Supplies;Art;6,08
30/03/2021;Technology;Phones;164,792
31/03/2021;Furniture;Furnishings;90,78
31/03/2021;Furniture;Bookcases;205,3328
31/03/2021;Office Supplies;Supplies;29,7
31/03/2021;Office Supplies;Paper;75,04
31/03/2021;Office Supplies;Binders;112,128
31/03/2021;Office Supplies;Appliances;33,62
31/03/2021;Technology;Phones;1434,46
31/03/2021;Technology;Copiers;2999,95
01/04/2021;Furniture;Furnishings;127,95
01/04/2021;Furniture;Chairs;218,352
01/04/2021;Furniture;Bookcases;482,664
01/04/2021;Office Supplies;Storage;94,2
01/04/2021;Office Supplies;Paper;42,93
01/04/2021;Office Supplies;Labels;12,044
01/04/2021;Office Supplies;Envelopes;28,4
01/04/2021;Office Supplies;Binders;121,68
01/04/2021;Office Supplies;Appliances;20,808
01/04/2021;Technology;Phones;23,976
01/04/2021;Technology;Machines;4799,984
02/04/2021;Furniture;Tables;411,8
02/04/2021;Furniture;Furnishings;25,11
02/04/2021;Office Supplies;Labels;14,94
02/04/2021;Office Supplies;Art;11,12
02/04/2021;Technology;Accessories;360
03/04/2021;Furniture;Furnishings;25,472
03/04/2021;Office Supplies;Art;7,056
04/04/2021;Office Supplies;Supplies;240,37
04/04/2021;Office Supplies;Envelopes;16,98
04/04/2021;Office Supplies;Art;7,04
04/04/2021;Technology;Phones;544,08
06/04/2021;Office Supplies;Paper;106,32
06/04/2021;Office Supplies;Binders;8,1
07/04/2021;Furniture;Tables;854,4745
07/04/2021;Furniture;Furnishings;258,072
07/04/2021;Office Supplies;Binders;5,328
07/04/2021;Office Supplies;Art;16,256
07/04/2021;Technology;Phones;219,184
07/04/2021;Technology;Accessories;617,976
08/04/2021;Furniture;Furnishings;637,14
08/04/2021;Office Supplies;Storage;2591,56
08/04/2021;Office Supplies;Paper;440,31
08/04/2021;Office Supplies;Binders;2690,97
08/04/2021;Office Supplies;Appliances;41,95
09/04/2021;Office Supplies;Storage;501,81
09/04/2021;Office Supplies;Paper;521,784
09/04/2021;Office Supplies;Labels;33,58
09/04/2021;Office Supplies;Binders;533,566
09/04/2021;Office Supplies;Art;35,97
10/04/2021;Furniture;Furnishings;48,992
10/04/2021;Office Supplies;Storage;286,15
10/04/2021;Office Supplies;Paper;17,978
10/04/2021;Office Supplies;Fasteners;7,16
10/04/2021;Office Supplies;Binders;4,419
10/04/2021;Office Supplies;Appliances;195,104
10/04/2021;Technology;Accessories;195,726
11/04/2021;Office Supplies;Storage;16,768
11/04/2021;Office Supplies;Binders;11,364
11/04/2021;Office Supplies;Art;64,604
11/04/2021;Technology;Accessories;227,07
12/04/2021;Office Supplies;Paper;39,96
12/04/2021;Office Supplies;Binders;29,7
13/04/2021;Furniture;Chairs;436,704
13/04/2021;Office Supplies;Paper;5,28
13/04/2021;Office Supplies;Fasteners;7,92
13/04/2021;Office Supplies;Binders;895,92
14/04/2021;Furniture;Furnishings;74,45
14/04/2021;Furniture;Bookcases;440,624
14/04/2021;Office Supplies;Paper;13,872
14/04/2021;Office Supplies;Binders;19,536
14/04/2021;Office Supplies;Art;104,448
15/04/2021;Furniture;Furnishings;196,45
15/04/2021;Office Supplies;Paper;115,428
15/04/2021;Office Supplies;Binders;15,57
15/04/2021;Office Supplies;Art;4,89
16/04/2021;Furniture;Bookcases;102,833
16/04/2021;Office Supplies;Supplies;477,24
16/04/2021;Office Supplies;Storage;238,464
16/04/2021;Office Supplies;Binders;42,652
16/04/2021;Office Supplies;Art;16,52
16/04/2021;Office Supplies;Appliances;40,74
16/04/2021;Technology;Accessories;25,98
17/04/2021;Furniture;Furnishings;60,312
17/04/2021;Furniture;Chairs;218,352
17/04/2021;Office Supplies;Storage;195,136
17/04/2021;Office Supplies;Paper;48,876
17/04/2021;Office Supplies;Labels;30,42
17/04/2021;Office Supplies;Fasteners;10,9
17/04/2021;Office Supplies;Binders;42,588
17/04/2021;Technology;Machines;2549,985
17/04/2021;Technology;Accessories;274,89
20/04/2021;Furniture;Furnishings;153,336
20/04/2021;Furniture;Chairs;317,058
20/04/2021;Office Supplies;Storage;1232,584
20/04/2021;Office Supplies;Binders;192,12
20/04/2021;Office Supplies;Art;15,76
20/04/2021;Technology;Phones;122,382
21/04/2021;Furniture;Furnishings;162,6
21/04/2021;Furniture;Chairs;908,82
21/04/2021;Office Supplies;Paper;20,736
21/04/2021;Office Supplies;Binders;5,628
21/04/2021;Office Supplies;Appliances;97,264
21/04/2021;Technology;Accessories;59,516
22/04/2021;Furniture;Furnishings;272,632
22/04/2021;Office Supplies;Storage;675,06
23/04/2021;Furniture;Furnishings;180,116
23/04/2021;Furniture;Bookcases;387,136
23/04/2021;Office Supplies;Supplies;177,61
23/04/2021;Office Supplies;Paper;5,344
23/04/2021;Office Supplies;Labels;3
23/04/2021;Office Supplies;Envelopes;18,688
23/04/2021;Office Supplies;Binders;104,64
23/04/2021;Office Supplies;Appliances;121,94
23/04/2021;Technology;Accessories;200,748
24/04/2021;Office Supplies;Storage;186,352
24/04/2021;Office Supplies;Fasteners;1,81
24/04/2021;Office Supplies;Binders;19,136
24/04/2021;Office Supplies;Appliances;99,28
24/04/2021;Technology;Phones;552
24/04/2021;Technology;Accessories;69,98
25/04/2021;Furniture;Bookcases;344,981
25/04/2021;Office Supplies;Paper;19,05
25/04/2021;Office Supplies;Binders;87,248
25/04/2021;Office Supplies;Art;118,864
25/04/2021;Technology;Accessories;107,97
26/04/2021;Furniture;Furnishings;1,988
26/04/2021;Office Supplies;Paper;20,34
26/04/2021;Office Supplies;Labels;39,28
27/04/2021;Furniture;Furnishings;139,58
27/04/2021;Furniture;Bookcases;220,2656
27/04/2021;Office Supplies;Labels;33,12
27/04/2021;Office Supplies;Art;183,61
28/04/2021;Office Supplies;Storage;8,384
28/04/2021;Office Supplies;Art;6,848
28/04/2021;Office Supplies;Appliances;28,08
28/04/2021;Technology;Phones;751,984
29/04/2021;Furniture;Tables;1048,35
29/04/2021;Office Supplies;Labels;4,91
30/04/2021;Furniture;Furnishings;309,344
30/04/2021;Office Supplies;Paper;174,328
30/04/2021;Office Supplies;Labels;22,32
30/04/2021;Office Supplies;Envelopes;93,52
30/04/2021;Office Supplies;Binders;85,35
30/04/2021;Office Supplies;Art;25,308
30/04/2021;Technology;Phones;677,58
30/04/2021;Technology;Accessories;2,376
01/05/2021;Furniture;Tables;933,262
01/05/2021;Furniture;Chairs;2803,92
01/05/2021;Furniture;Bookcases;314,352
01/05/2021;Office Supplies;Supplies;3,328
01/05/2021;Office Supplies;Labels;4,608
01/05/2021;Technology;Accessories;48,9
02/05/2021;Furniture;Furnishings;129,93
02/05/2021;Office Supplies;Paper;50,1
02/05/2021;Office Supplies;Art;59,52
02/05/2021;Technology;Accessories;159,56
03/05/2021;Furniture;Tables;373,47
03/05/2021;Furniture;Furnishings;32,448
03/05/2021;Office Supplies;Storage;832,96
03/05/2021;Office Supplies;Paper;25,92
03/05/2021;Office Supplies;Fasteners;8
03/05/2021;Office Supplies;Binders;90,588
03/05/2021;Office Supplies;Art;22,96
04/05/2021;Furniture;Tables;300,904
04/05/2021;Office Supplies;Storage;588,35
04/05/2021;Office Supplies;Paper;59,12
04/05/2021;Office Supplies;Binders;13,911
04/05/2021;Office Supplies;Appliances;243,16
04/05/2021;Technology;Phones;183,96
05/05/2021;Furniture;Bookcases;89,991
05/05/2021;Office Supplies;Paper;6,68
05/05/2021;Office Supplies;Envelopes;44,4
05/05/2021;Office Supplies;Binders;44,052
06/05/2021;Furniture;Bookcases;623,4648
06/05/2021;Office Supplies;Storage;772,68
06/05/2021;Office Supplies;Paper;84,416
06/05/2021;Office Supplies;Labels;181,32
06/05/2021;Office Supplies;Binders;79,601
06/05/2021;Office Supplies;Art;61,068
06/05/2021;Office Supplies;Appliances;152,94
06/05/2021;Technology;Phones;627,168
06/05/2021;Technology;Accessories;600,712
07/05/2021;Furniture;Chairs;1962,09
07/05/2021;Office Supplies;Appliances;87,444
07/05/2021;Technology;Phones;419,944
07/05/2021;Technology;Accessories;79,99
08/05/2021;Furniture;Chairs;176,05
08/05/2021;Office Supplies;Paper;41,472
08/05/2021;Office Supplies;Appliances;81,08
08/05/2021;Technology;Copiers;3359,952
09/05/2021;Furniture;Tables;286,85
09/05/2021;Furniture;Chairs;207
09/05/2021;Office Supplies;Storage;171,24
09/05/2021;Office Supplies;Envelopes;65,232
09/05/2021;Office Supplies;Binders;147,92
09/05/2021;Technology;Accessories;199,98
11/05/2021;Furniture;Furnishings;7,996
11/05/2021;Furniture;Bookcases;209,979
11/05/2021;Office Supplies;Storage;74,416
11/05/2021;Office Supplies;Paper;44,288
11/05/2021;Office Supplies;Labels;37,59
11/05/2021;Office Supplies;Binders;26,032
11/05/2021;Office Supplies;Art;49,168
12/05/2021;Furniture;Tables;285,48
12/05/2021;Furniture;Furnishings;42,85
12/05/2021;Office Supplies;Supplies;255,62
12/05/2021;Office Supplies;Storage;127,92
12/05/2021;Office Supplies;Paper;87,6
12/05/2021;Office Supplies;Labels;12,064
12/05/2021;Office Supplies;Binders;53,408
12/05/2021;Office Supplies;Art;10,272
12/05/2021;Office Supplies;Appliances;7,77
12/05/2021;Technology;Accessories;87,4
13/05/2021;Furniture;Chairs;458,43
13/05/2021;Office Supplies;Storage;530,34
13/05/2021;Office Supplies;Paper;14,94
13/05/2021;Office Supplies;Labels;58,48
13/05/2021;Office Supplies;Envelopes;180,96
13/05/2021;Office Supplies;Binders;1214,49
13/05/2021;Office Supplies;Appliances;20,768
13/05/2021;Technology;Phones;587,97
14/05/2021;Furniture;Furnishings;18,28
14/05/2021;Furniture;Chairs;1161,39
14/05/2021;Office Supplies;Supplies;64,4
14/05/2021;Office Supplies;Storage;22,58
14/05/2021;Office Supplies;Paper;589,79
14/05/2021;Office Supplies;Labels;79,04
14/05/2021;Office Supplies;Envelopes;48,69
14/05/2021;Office Supplies;Binders;58,17
14/05/2021;Office Supplies;Art;101,86
14/05/2021;Technology;Phones;547,962
14/05/2021;Technology;Accessories;1489,9
15/05/2021;Furniture;Furnishings;39,96
15/05/2021;Furniture;Chairs;263,584
15/05/2021;Office Supplies;Paper;72,256
15/05/2021;Office Supplies;Binders;4,752
15/05/2021;Technology;Phones;40,712
16/05/2021;Office Supplies;Storage;221,024
18/05/2021;Furniture;Furnishings;39,06
18/05/2021;Furniture;Bookcases;302,94
18/05/2021;Office Supplies;Storage;8,928
18/05/2021;Office Supplies;Binders;169,048
18/05/2021;Office Supplies;Appliances;724,1
18/05/2021;Technology;Phones;550,384
18/05/2021;Technology;Accessories;36,048
19/05/2021;Furniture;Chairs;995,76
19/05/2021;Furniture;Bookcases;1628,82
19/05/2021;Office Supplies;Paper;548,474
19/05/2021;Office Supplies;Labels;13,216
19/05/2021;Office Supplies;Binders;159,28
19/05/2021;Office Supplies;Art;9,1
19/05/2021;Office Supplies;Appliances;378,5
19/05/2021;Technology;Phones;781,942
19/05/2021;Technology;Accessories;404,09
20/05/2021;Furniture;Furnishings;6,98
20/05/2021;Furniture;Chairs;518,272
20/05/2021;Office Supplies;Storage;704,76
20/05/2021;Office Supplies;Fasteners;7,41
20/05/2021;Office Supplies;Binders;49,568
20/05/2021;Office Supplies;Art;179,36
20/05/2021;Office Supplies;Appliances;64,9
20/05/2021;Technology;Phones;1123,128
20/05/2021;Technology;Machines;343,2
21/05/2021;Furniture;Furnishings;520,05
21/05/2021;Office Supplies;Art;17,97
22/05/2021;Furniture;Chairs;181,986
22/05/2021;Office Supplies;Supplies;22,344
22/05/2021;Office Supplies;Binders;1,592
22/05/2021;Office Supplies;Art;62,18
22/05/2021;Technology;Accessories;68,46
23/05/2021;Furniture;Tables;171,288
23/05/2021;Office Supplies;Storage;48,816
23/05/2021;Office Supplies;Fasteners;1,824
23/05/2021;Office Supplies;Binders;1,188
23/05/2021;Office Supplies;Appliances;18,32
25/05/2021;Furniture;Furnishings;18,84
25/05/2021;Office Supplies;Storage;50,136
25/05/2021;Office Supplies;Fasteners;3,29
25/05/2021;Office Supplies;Binders;693,76
25/05/2021;Technology;Accessories;120
26/05/2021;Office Supplies;Supplies;25,76
26/05/2021;Office Supplies;Paper;12,96
26/05/2021;Office Supplies;Appliances;208,44
26/05/2021;Technology;Accessories;23,08
27/05/2021;Furniture;Furnishings;512,3
27/05/2021;Office Supplies;Storage;477,15
27/05/2021;Office Supplies;Paper;25,92
27/05/2021;Office Supplies;Binders;70,4
27/05/2021;Office Supplies;Art;31,44
27/05/2021;Technology;Phones;842,346
27/05/2021;Technology;Accessories;125,352
28/05/2021;Furniture;Furnishings;274,9
28/05/2021;Furniture;Chairs;408,829
28/05/2021;Furniture;Bookcases;115,96
28/05/2021;Office Supplies;Paper;29,424
28/05/2021;Office Supplies;Binders;3,564
28/05/2021;Office Supplies;Appliances;125,13
28/05/2021;Technology;Phones;250,328
28/05/2021;Technology;Accessories;271,968
29/05/2021;Furniture;Furnishings;71,664
29/05/2021;Office Supplies;Storage;53,424
29/05/2021;Office Supplies;Paper;33,9
29/05/2021;Office Supplies;Fasteners;23,55
29/05/2021;Office Supplies;Binders;43,41
29/05/2021;Office Supplies;Appliances;465,16
30/05/2021;Furniture;Furnishings;21,602
30/05/2021;Furniture;Bookcases;446,6264
30/05/2021;Office Supplies;Paper;37,52
30/05/2021;Office Supplies;Binders;3,89
30/05/2021;Office Supplies;Art;35,1
30/05/2021;Technology;Phones;156,792
30/05/2021;Technology;Accessories;35,36
01/06/2021;Furniture;Chairs;1925,88
01/06/2021;Office Supplies;Storage;324,744
01/06/2021;Office Supplies;Paper;27,744
01/06/2021;Office Supplies;Binders;75,078
01/06/2021;Office Supplies;Appliances;2422,68
01/06/2021;Technology;Phones;158,376
01/06/2021;Technology;Accessories;123,86
02/06/2021;Office Supplies;Storage;27,44
02/06/2021;Office Supplies;Paper;61,376
02/06/2021;Office Supplies;Envelopes;43,92
02/06/2021;Technology;Phones;2,97
03/06/2021;Furniture;Tables;384,768
03/06/2021;Furniture;Furnishings;35,168
03/06/2021;Furniture;Bookcases;241,568
03/06/2021;Office Supplies;Storage;136,26
03/06/2021;Office Supplies;Paper;72,872
03/06/2021;Office Supplies;Binders;8,466
03/06/2021;Office Supplies;Appliances;29,672
03/06/2021;Technology;Phones;503,96
03/06/2021;Technology;Machines;78,66
03/06/2021;Technology;Accessories;1460,642
04/06/2021;Furniture;Furnishings;62,32
04/06/2021;Office Supplies;Paper;12,48
04/06/2021;Office Supplies;Binders;123,99
04/06/2021;Office Supplies;Art;8,64
04/06/2021;Technology;Phones;71,984
05/06/2021;Office Supplies;Paper;20,736
05/06/2021;Technology;Phones;470,376
06/06/2021;Furniture;Furnishings;4,95
06/06/2021;Office Supplies;Storage;26,4
08/06/2021;Furniture;Bookcases;1497,666
08/06/2021;Office Supplies;Supplies;23,76
08/06/2021;Office Supplies;Storage;35,168
08/06/2021;Office Supplies;Paper;85,056
08/06/2021;Office Supplies;Binders;95,124
08/06/2021;Office Supplies;Appliances;1,624
08/06/2021;Technology;Phones;399,096
08/06/2021;Technology;Accessories;89,544
09/06/2021;Furniture;Tables;108,925
09/06/2021;Furniture;Furnishings;23,976
09/06/2021;Office Supplies;Storage;720,76
09/06/2021;Office Supplies;Paper;85,472
10/06/2021;Furniture;Bookcases;514,165
10/06/2021;Office Supplies;Storage;1363,1
10/06/2021;Office Supplies;Paper;40,032
10/06/2021;Office Supplies;Labels;41,16
10/06/2021;Office Supplies;Fasteners;14,13
10/06/2021;Office Supplies;Art;39,5
10/06/2021;Technology;Phones;368,736
10/06/2021;Technology;Accessories;132,52
11/06/2021;Furniture;Chairs;280,792
11/06/2021;Furniture;Bookcases;174,42
11/06/2021;Office Supplies;Storage;387
11/06/2021;Office Supplies;Paper;160,91
11/06/2021;Office Supplies;Binders;22,86
11/06/2021;Office Supplies;Art;107,672
11/06/2021;Office Supplies;Appliances;61,44
11/06/2021;Technology;Machines;385,8
12/06/2021;Furniture;Tables;452,94
12/06/2021;Furniture;Furnishings;25,944
12/06/2021;Furniture;Chairs;858,24
12/06/2021;Office Supplies;Paper;38,48
12/06/2021;Office Supplies;Binders;104,328
12/06/2021;Office Supplies;Art;64,14
12/06/2021;Technology;Phones;71,976
12/06/2021;Technology;Accessories;63,92
13/06/2021;Furniture;Chairs;761,438
13/06/2021;Office Supplies;Storage;164,736
13/06/2021;Office Supplies;Art;181,86
13/06/2021;Technology;Phones;47,984
15/06/2021;Furniture;Tables;120,96
15/06/2021;Furniture;Furnishings;31,168
15/06/2021;Furniture;Chairs;698,352
15/06/2021;Furniture;Bookcases;77,728
15/06/2021;Office Supplies;Storage;227,326
15/06/2021;Office Supplies;Paper;109,3
15/06/2021;Office Supplies;Labels;44,4
15/06/2021;Office Supplies;Art;23,82
15/06/2021;Office Supplies;Appliances;76,608
15/06/2021;Technology;Phones;2647,848
16/06/2021;Furniture;Chairs;1514,92
16/06/2021;Office Supplies;Supplies;16,68
16/06/2021;Office Supplies;Paper;230,14
16/06/2021;Office Supplies;Binders;5,936
16/06/2021;Office Supplies;Art;37,936
16/06/2021;Office Supplies;Appliances;180,66
16/06/2021;Technology;Phones;257,97
16/06/2021;Technology;Accessories;479,952
17/06/2021;Furniture;Furnishings;155,25
17/06/2021;Office Supplies;Storage;160,382
17/06/2021;Office Supplies;Paper;12,224
17/06/2021;Office Supplies;Binders;62,976
17/06/2021;Technology;Machines;3404,5
17/06/2021;Technology;Accessories;101,34
18/06/2021;Furniture;Bookcases;917,9235
18/06/2021;Office Supplies;Paper;113,232
19/06/2021;Furniture;Tables;457,485
19/06/2021;Furniture;Furnishings;89,104
19/06/2021;Furniture;Chairs;760,116
19/06/2021;Office Supplies;Supplies;11,184
19/06/2021;Office Supplies;Storage;282,884
19/06/2021;Office Supplies;Paper;268,556
19/06/2021;Office Supplies;Binders;18,456
19/06/2021;Office Supplies;Appliances;2,708
19/06/2021;Technology;Accessories;225,448
20/06/2021;Office Supplies;Storage;4,464
20/06/2021;Office Supplies;Paper;63,504
20/06/2021;Office Supplies;Labels;9,82
20/06/2021;Office Supplies;Binders;51,312
20/06/2021;Office Supplies;Art;5,248
20/06/2021;Technology;Phones;503,96
20/06/2021;Technology;Accessories;389,92
21/06/2021;Furniture;Furnishings;17,92
21/06/2021;Office Supplies;Paper;447,84
21/06/2021;Office Supplies;Binders;129,896
22/06/2021;Furniture;Chairs;487,96
22/06/2021;Office Supplies;Storage;8,928
22/06/2021;Office Supplies;Envelopes;37,608
22/06/2021;Office Supplies;Binders;44,523
24/06/2021;Furniture;Furnishings;276,69
24/06/2021;Furniture;Chairs;172,764
24/06/2021;Office Supplies;Paper;32,016
24/06/2021;Office Supplies;Fasteners;2,88
24/06/2021;Office Supplies;Binders;285,924
24/06/2021;Office Supplies;Art;517,34
25/06/2021;Furniture;Tables;871,4
25/06/2021;Furniture;Bookcases;400,784
25/06/2021;Office Supplies;Labels;71,04
25/06/2021;Office Supplies;Fasteners;11,304
25/06/2021;Office Supplies;Art;5,344
25/06/2021;Technology;Phones;148,48
26/06/2021;Furniture;Furnishings;526,45
26/06/2021;Furniture;Chairs;273,552
26/06/2021;Office Supplies;Supplies;28,4
26/06/2021;Office Supplies;Storage;1070,58
26/06/2021;Office Supplies;Paper;73,06
26/06/2021;Office Supplies;Labels;13,872
26/06/2021;Office Supplies;Binders;102,368
26/06/2021;Office Supplies;Art;15,92
26/06/2021;Technology;Phones;1688,006
26/06/2021;Technology;Accessories;431,928
27/06/2021;Furniture;Furnishings;126,3
27/06/2021;Furniture;Chairs;191,646
27/06/2021;Office Supplies;Paper;39,51
27/06/2021;Technology;Accessories;1287,45
29/06/2021;Furniture;Tables;307,314
29/06/2021;Furniture;Furnishings;25,16
29/06/2021;Furniture;Bookcases;1048,8192
29/06/2021;Office Supplies;Supplies;30,69
29/06/2021;Office Supplies;Storage;1426,49
29/06/2021;Office Supplies;Paper;5,184
29/06/2021;Office Supplies;Binders;1220,012
29/06/2021;Office Supplies;Art;11,68
29/06/2021;Office Supplies;Appliances;384,332
29/06/2021;Technology;Accessories;62,31
30/06/2021;Furniture;Tables;1044,63
30/06/2021;Furniture;Furnishings;55,974
30/06/2021;Furniture;Chairs;569,058
30/06/2021;Furniture;Bookcases;435,999
30/06/2021;Office Supplies;Storage;1333,99
30/06/2021;Office Supplies;Paper;204,95
30/06/2021;Office Supplies;Binders;75,792
30/06/2021;Technology;Phones;1001,584
01/07/2021;Office Supplies;Storage;443,92
01/07/2021;Office Supplies;Paper;25,92
01/07/2021;Office Supplies;Binders;169,99
02/07/2021;Office Supplies;Paper;163,96
02/07/2021;Office Supplies;Binders;5,232
03/07/2021;Furniture;Tables;215,148
03/07/2021;Furniture;Furnishings;801,53
03/07/2021;Office Supplies;Storage;87,92
03/07/2021;Office Supplies;Paper;362,312
03/07/2021;Office Supplies;Art;9,552
03/07/2021;Technology;Phones;463,93
03/07/2021;Technology;Machines;2992,332
03/07/2021;Technology;Accessories;2030,68
05/07/2021;Furniture;Furnishings;332,028
05/07/2021;Office Supplies;Paper;46,656
05/07/2021;Office Supplies;Binders;17,71
05/07/2021;Technology;Phones;79,96
06/07/2021;Furniture;Chairs;361,376
06/07/2021;Office Supplies;Paper;16,056
06/07/2021;Office Supplies;Binders;2,946
07/07/2021;Furniture;Bookcases;87,21
07/07/2021;Office Supplies;Storage;13,392
07/07/2021;Office Supplies;Paper;15,552
07/07/2021;Office Supplies;Fasteners;5,94
07/07/2021;Office Supplies;Binders;17,472
07/07/2021;Technology;Phones;683,988
07/07/2021;Technology;Accessories;796,696
08/07/2021;Furniture;Furnishings;484,1
08/07/2021;Office Supplies;Paper;77,32
08/07/2021;Office Supplies;Labels;861,66
08/07/2021;Office Supplies;Binders;109,544
08/07/2021;Office Supplies;Art;255,74
08/07/2021;Technology;Accessories;191,9
09/07/2021;Furniture;Furnishings;526,45
09/07/2021;Office Supplies;Storage;424,56
09/07/2021;Office Supplies;Paper;274,8
09/07/2021;Office Supplies;Binders;1,08
09/07/2021;Office Supplies;Art;127,88
09/07/2021;Office Supplies;Appliances;58,464
09/07/2021;Technology;Phones;257,98
10/07/2021;Furniture;Furnishings;18,84
10/07/2021;Office Supplies;Storage;298,464
10/07/2021;Office Supplies;Appliances;41,91
11/07/2021;Office Supplies;Labels;8,67
11/07/2021;Office Supplies;Binders;29,8
11/07/2021;Office Supplies;Art;30,32
11/07/2021;Office Supplies;Appliances;168,1
11/07/2021;Technology;Phones;71,952
11/07/2021;Technology;Accessories;1420,05
12/07/2021;Office Supplies;Paper;3,816
13/07/2021;Furniture;Furnishings;91,008
13/07/2021;Office Supplies;Storage;360,38
13/07/2021;Office Supplies;Paper;13,56
13/07/2021;Technology;Phones;39,594
14/07/2021;Furniture;Furnishings;692,45
14/07/2021;Office Supplies;Storage;301,496
14/07/2021;Office Supplies;Paper;9,248
14/07/2021;Office Supplies;Fasteners;4,96
14/07/2021;Office Supplies;Binders;4,448
14/07/2021;Office Supplies;Art;85,04
14/07/2021;Technology;Phones;2360,322
14/07/2021;Technology;Accessories;140,97
15/07/2021;Furniture;Tables;1183,383
15/07/2021;Furniture;Chairs;664,146
15/07/2021;Office Supplies;Paper;21,92
15/07/2021;Office Supplies;Labels;7,83
15/07/2021;Office Supplies;Binders;26,55
15/07/2021;Office Supplies;Art;6,56
15/07/2021;Office Supplies;Appliances;179,94
15/07/2021;Technology;Accessories;41,9
16/07/2021;Furniture;Chairs;313,724
16/07/2021;Office Supplies;Art;2,912
17/07/2021;Furniture;Furnishings;46,984
17/07/2021;Furniture;Bookcases;1194,165
17/07/2021;Office Supplies;Storage;10,56
17/07/2021;Office Supplies;Paper;132,3
17/07/2021;Office Supplies;Envelopes;57,9
17/07/2021;Technology;Phones;269,98
17/07/2021;Technology;Copiers;479,984
18/07/2021;Furniture;Tables;801,6
18/07/2021;Furniture;Chairs;672,288
18/07/2021;Office Supplies;Supplies;9,184
18/07/2021;Office Supplies;Paper;16,096
18/07/2021;Office Supplies;Binders;7,656
18/07/2021;Technology;Copiers;599,97
20/07/2021;Furniture;Furnishings;192,712
20/07/2021;Furniture;Chairs;346,704
20/07/2021;Office Supplies;Storage;69,712
20/07/2021;Office Supplies;Paper;13,36
20/07/2021;Office Supplies;Labels;14,62
20/07/2021;Office Supplies;Binders;839,81
20/07/2021;Office Supplies;Appliances;416,32
20/07/2021;Technology;Accessories;389,97
21/07/2021;Furniture;Tables;124,404
21/07/2021;Furniture;Furnishings;8,8
21/07/2021;Furniture;Chairs;225,296
21/07/2021;Furniture;Bookcases;302,94
21/07/2021;Office Supplies;Supplies;231,72
21/07/2021;Office Supplies;Storage;222,32
21/07/2021;Office Supplies;Paper;22,82
21/07/2021;Office Supplies;Binders;198,39
21/07/2021;Office Supplies;Art;151,13
21/07/2021;Office Supplies;Appliances;17,48
21/07/2021;Technology;Phones;2180,644
22/07/2021;Furniture;Chairs;526,344
22/07/2021;Technology;Phones;29,97
23/07/2021;Office Supplies;Paper;121,632
23/07/2021;Office Supplies;Labels;41,4
23/07/2021;Office Supplies;Binders;42,24
23/07/2021;Office Supplies;Art;133,216
23/07/2021;Technology;Accessories;559,7
24/07/2021;Technology;Copiers;2399,96
25/07/2021;Furniture;Tables;436,704
25/07/2021;Furniture;Furnishings;20,096
25/07/2021;Office Supplies;Supplies;37,752
25/07/2021;Office Supplies;Storage;259,92
25/07/2021;Office Supplies;Paper;20,736
25/07/2021;Office Supplies;Labels;23,534
26/07/2021;Furniture;Chairs;362,352
26/07/2021;Technology;Accessories;1649,95
27/07/2021;Furniture;Furnishings;129,802
27/07/2021;Furniture;Chairs;194,848
27/07/2021;Office Supplies;Paper;39,16
27/07/2021;Technology;Phones;543,92
27/07/2021;Technology;Accessories;234,95
28/07/2021;Office Supplies;Storage;14,98
28/07/2021;Office Supplies;Binders;9,984
28/07/2021;Technology;Phones;1145,6
29/07/2021;Furniture;Chairs;302,67
29/07/2021;Furniture;Bookcases;115,96
29/07/2021;Office Supplies;Fasteners;2,896
29/07/2021;Office Supplies;Binders;33,48
29/07/2021;Office Supplies;Art;64,488
29/07/2021;Office Supplies;Appliances;172,468
29/07/2021;Technology;Phones;608,762
29/07/2021;Technology;Accessories;90,57
30/07/2021;Office Supplies;Storage;330,4
30/07/2021;Office Supplies;Labels;26,25
30/07/2021;Office Supplies;Binders;76,776
30/07/2021;Technology;Phones;89,95
31/07/2021;Furniture;Furnishings;36,96
31/07/2021;Office Supplies;Storage;56,56
31/07/2021;Office Supplies;Paper;66,356
31/07/2021;Office Supplies;Binders;878,48
31/07/2021;Office Supplies;Appliances;155,88
31/07/2021;Technology;Phones;322,368
31/07/2021;Technology;Accessories;41,424
01/08/2021;Office Supplies;Storage;186,54
01/08/2021;Office Supplies;Paper;36,288
01/08/2021;Office Supplies;Binders;54,896
01/08/2021;Technology;Phones;367,944
01/08/2021;Technology;Machines;1439,982
03/08/2021;Furniture;Furnishings;123,96
03/08/2021;Furniture;Bookcases;183,372
03/08/2021;Office Supplies;Storage;115,93
03/08/2021;Office Supplies;Labels;68,27
03/08/2021;Technology;Accessories;39,816
04/08/2021;Office Supplies;Paper;7,968
04/08/2021;Office Supplies;Envelopes;8,784
04/08/2021;Office Supplies;Binders;3,318
05/08/2021;Office Supplies;Storage;151,056
05/08/2021;Office Supplies;Paper;13,76
05/08/2021;Office Supplies;Labels;133,2
05/08/2021;Office Supplies;Binders;125,88
05/08/2021;Technology;Accessories;79,78
06/08/2021;Furniture;Furnishings;15,4
06/08/2021;Furniture;Bookcases;145,74
06/08/2021;Office Supplies;Supplies;70,12
06/08/2021;Office Supplies;Paper;115,296
06/08/2021;Office Supplies;Labels;24,64
06/08/2021;Office Supplies;Art;227,88
06/08/2021;Technology;Phones;824,95
07/08/2021;Furniture;Furnishings;51,75
07/08/2021;Furniture;Chairs;207,184
07/08/2021;Office Supplies;Storage;118,16
07/08/2021;Office Supplies;Paper;269,11
07/08/2021;Office Supplies;Binders;56,84
07/08/2021;Office Supplies;Art;116,48
07/08/2021;Office Supplies;Appliances;1473,1
07/08/2021;Technology;Phones;867,84
07/08/2021;Technology;Accessories;319,16
10/08/2021;Furniture;Furnishings;121,3
10/08/2021;Office Supplies;Paper;177,2
10/08/2021;Office Supplies;Envelopes;70,08
10/08/2021;Technology;Phones;1454,49
11/08/2021;Office Supplies;Paper;55,584
11/08/2021;Office Supplies;Binders;490,374
11/08/2021;Office Supplies;Art;9,184
11/08/2021;Technology;Phones;153,584
12/08/2021;Furniture;Furnishings;54,92
12/08/2021;Furniture;Chairs;1779,9
12/08/2021;Office Supplies;Storage;46,74
12/08/2021;Office Supplies;Paper;212,896
12/08/2021;Office Supplies;Binders;100,704
12/08/2021;Office Supplies;Art;237,42
12/08/2021;Office Supplies;Appliances;542,94
12/08/2021;Technology;Phones;242,624
12/08/2021;Technology;Copiers;299,99
12/08/2021;Technology;Accessories;174,95
13/08/2021;Furniture;Furnishings;31,984
13/08/2021;Furniture;Chairs;423,648
13/08/2021;Office Supplies;Supplies;31,92
13/08/2021;Office Supplies;Storage;31,44
13/08/2021;Office Supplies;Labels;17,544
13/08/2021;Office Supplies;Fasteners;24,32
13/08/2021;Office Supplies;Envelopes;14,76
13/08/2021;Office Supplies;Binders;1650,606
13/08/2021;Office Supplies;Art;59,52
13/08/2021;Office Supplies;Appliances;355,838
13/08/2021;Technology;Accessories;1,584
14/08/2021;Furniture;Tables;418,296
14/08/2021;Office Supplies;Labels;5,76
14/08/2021;Office Supplies;Art;16,68
15/08/2021;Office Supplies;Storage;1801,632
15/08/2021;Office Supplies;Labels;50,4
15/08/2021;Office Supplies;Appliances;97,84
16/08/2021;Office Supplies;Storage;67,136
16/08/2021;Office Supplies;Binders;13,428
17/08/2021;Furniture;Furnishings;16,784
17/08/2021;Furniture;Chairs;4953,33
17/08/2021;Office Supplies;Supplies;5,552
17/08/2021;Office Supplies;Storage;540,57
17/08/2021;Office Supplies;Paper;8,56
17/08/2021;Office Supplies;Envelopes;23,36
17/08/2021;Office Supplies;Binders;1233,826
17/08/2021;Office Supplies;Art;8,016
17/08/2021;Office Supplies;Appliances;2557,154
17/08/2021;Technology;Phones;71,976
17/08/2021;Technology;Accessories;98,16
18/08/2021;Furniture;Furnishings;204,38
18/08/2021;Office Supplies;Storage;1523,184
18/08/2021;Office Supplies;Binders;2939,858
18/08/2021;Office Supplies;Art;9,912
18/08/2021;Technology;Phones;37,91
18/08/2021;Technology;Accessories;2363,24
19/08/2021;Office Supplies;Paper;19,44
19/08/2021;Office Supplies;Binders;493,006
20/08/2021;Office Supplies;Supplies;17,22
20/08/2021;Office Supplies;Storage;266,85
20/08/2021;Office Supplies;Paper;25,92
20/08/2021;Office Supplies;Binders;239,12
20/08/2021;Technology;Phones;143,84
21/08/2021;Furniture;Tables;568,728
21/08/2021;Furniture;Furnishings;269,752
21/08/2021;Furniture;Chairs;1255,104
21/08/2021;Office Supplies;Supplies;37,24
21/08/2021;Office Supplies;Storage;809,676
21/08/2021;Office Supplies;Paper;367,952
21/08/2021;Office Supplies;Labels;51,75
21/08/2021;Office Supplies;Fasteners;35
21/08/2021;Office Supplies;Envelopes;15,28
21/08/2021;Office Supplies;Binders;4454,784
21/08/2021;Office Supplies;Art;17,12
21/08/2021;Office Supplies;Appliances;203,52
21/08/2021;Technology;Phones;431,968
21/08/2021;Technology;Accessories;33,18
22/08/2021;Furniture;Tables;524,54
23/08/2021;Furniture;Furnishings;2,784
23/08/2021;Office Supplies;Paper;58,288
23/08/2021;Office Supplies;Appliances;161,376
23/08/2021;Technology;Phones;4367,896
24/08/2021;Office Supplies;Paper;10,368
24/08/2021;Office Supplies;Binders;28,416
24/08/2021;Office Supplies;Appliances;646,272
25/08/2021;Furniture;Bookcases;130,98
25/08/2021;Office Supplies;Storage;25,696
25/08/2021;Office Supplies;Paper;195,584
25/08/2021;Office Supplies;Art;9,728
26/08/2021;Furniture;Furnishings;64,96
26/08/2021;Office Supplies;Storage;53,72
26/08/2021;Technology;Accessories;71,98
27/08/2021;Furniture;Tables;1488,424
27/08/2021;Furniture;Furnishings;319,036
27/08/2021;Furniture;Chairs;230,28
27/08/2021;Office Supplies;Supplies;28,4
27/08/2021;Office Supplies;Storage;418,74
27/08/2021;Office Supplies;Paper;134,136
27/08/2021;Office Supplies;Envelopes;2,896
27/08/2021;Office Supplies;Binders;878,576
27/08/2021;Office Supplies;Art;5,952
27/08/2021;Office Supplies;Appliances;336,256
27/08/2021;Technology;Phones;347,97
27/08/2021;Technology;Copiers;879,984
27/08/2021;Technology;Accessories;1119,888
28/08/2021;Furniture;Tables;1137,75
28/08/2021;Office Supplies;Supplies;21,81
28/08/2021;Office Supplies;Paper;52,064
28/08/2021;Office Supplies;Binders;99,68
28/08/2021;Office Supplies;Art;5,56
28/08/2021;Office Supplies;Appliances;91,6
28/08/2021;Technology;Phones;35,168
29/08/2021;Furniture;Furnishings;148,02
29/08/2021;Office Supplies;Storage;27,44
29/08/2021;Office Supplies;Labels;47,36
29/08/2021;Office Supplies;Binders;3,24
29/08/2021;Office Supplies;Art;9,408
31/08/2021;Furniture;Chairs;569,568
31/08/2021;Office Supplies;Supplies;6,208
31/08/2021;Office Supplies;Storage;354,424
31/08/2021;Office Supplies;Paper;229,544
31/08/2021;Office Supplies;Fasteners;8,376
31/08/2021;Office Supplies;Binders;6,672
31/08/2021;Office Supplies;Appliances;638,73
31/08/2021;Technology;Phones;689,408
31/08/2021;Technology;Accessories;659,9
01/09/2021;Furniture;Tables;283,56
01/09/2021;Furniture;Furnishings;114,9
01/09/2021;Furniture;Chairs;498,26
01/09/2021;Office Supplies;Binders;22,92
01/09/2021;Office Supplies;Art;7,58
01/09/2021;Office Supplies;Appliances;314,6
01/09/2021;Technology;Accessories;19,99
02/09/2021;Furniture;Tables;491,054
02/09/2021;Furniture;Furnishings;538,112
02/09/2021;Furniture;Chairs;1498,386
02/09/2021;Office Supplies;Storage;599,2
02/09/2021;Office Supplies;Paper;256,052
02/09/2021;Office Supplies;Labels;104,596
02/09/2021;Office Supplies;Fasteners;16
02/09/2021;Office Supplies;Binders;1771,012
02/09/2021;Office Supplies;Art;43,99
02/09/2021;Office Supplies;Appliances;61,668
02/09/2021;Technology;Phones;1599,354
02/09/2021;Technology;Accessories;2375,43
03/09/2021;Furniture;Furnishings;108,4
03/09/2021;Furniture;Chairs;272,565
03/09/2021;Furniture;Bookcases;239,666
03/09/2021;Office Supplies;Paper;428,304
03/09/2021;Office Supplies;Envelopes;24,448
03/09/2021;Office Supplies;Binders;125,176
03/09/2021;Office Supplies;Art;11,52
03/09/2021;Technology;Accessories;385,77
04/09/2021;Furniture;Tables;2800,624
04/09/2021;Furniture;Chairs;97,184
04/09/2021;Furniture;Bookcases;825,174
04/09/2021;Office Supplies;Storage;710,054
04/09/2021;Office Supplies;Paper;52,608
04/09/2021;Office Supplies;Fasteners;14,82
04/09/2021;Office Supplies;Binders;631,138
04/09/2021;Office Supplies;Art;68,864
04/09/2021;Technology;Phones;48,736
04/09/2021;Technology;Accessories;111
05/09/2021;Office Supplies;Storage;147,184
05/09/2021;Office Supplies;Paper;15,552
05/09/2021;Office Supplies;Art;74,74
05/09/2021;Technology;Accessories;89,568
07/09/2021;Furniture;Furnishings;309,12
07/09/2021;Furniture;Chairs;161,568
07/09/2021;Office Supplies;Storage;515,76
07/09/2021;Office Supplies;Paper;145,42
07/09/2021;Office Supplies;Labels;29,24
07/09/2021;Office Supplies;Envelopes;4,896
07/09/2021;Office Supplies;Binders;1585,797
07/09/2021;Office Supplies;Art;25,98
07/09/2021;Office Supplies;Appliances;81,568
07/09/2021;Technology;Phones;582,272
07/09/2021;Technology;Accessories;406,944
08/09/2021;Furniture;Tables;765,625
08/09/2021;Furniture;Furnishings;21,184
08/09/2021;Furniture;Chairs;213,43
08/09/2021;Office Supplies;Storage;126,8
08/09/2021;Office Supplies;Paper;20,736
08/09/2021;Office Supplies;Fasteners;45,92
08/09/2021;Office Supplies;Binders;42,616
08/09/2021;Technology;Phones;416,904
08/09/2021;Technology;Copiers;319,984
08/09/2021;Technology;Accessories;211,128
09/09/2021;Furniture;Furnishings;97,272
09/09/2021;Furniture;Chairs;385,292
09/09/2021;Office Supplies;Supplies;8,832
09/09/2021;Office Supplies;Storage;1043,61
09/09/2021;Office Supplies;Paper;262,528
09/09/2021;Office Supplies;Labels;27,568
09/09/2021;Office Supplies;Envelopes;17,48
09/09/2021;Office Supplies;Binders;18,657
09/09/2021;Office Supplies;Art;37,152
09/09/2021;Office Supplies;Appliances;11,176
09/09/2021;Technology;Phones;1931,958
09/09/2021;Technology;Accessories;514,536
10/09/2021;Furniture;Chairs;362,352
10/09/2021;Office Supplies;Storage;286,29
10/09/2021;Office Supplies;Paper;128,716
10/09/2021;Office Supplies;Binders;802,468
10/09/2021;Office Supplies;Art;14,88
10/09/2021;Office Supplies;Appliances;58,17
10/09/2021;Technology;Phones;407,064
10/09/2021;Technology;Accessories;446,706
11/09/2021;Furniture;Tables;512,19
11/09/2021;Furniture;Furnishings;66,864
11/09/2021;Furniture;Chairs;2231,84
11/09/2021;Office Supplies;Paper;338,596
11/09/2021;Office Supplies;Fasteners;24,728
11/09/2021;Office Supplies;Envelopes;22,18
11/09/2021;Office Supplies;Binders;1471,96
11/09/2021;Office Supplies;Appliances;671,736
11/09/2021;Technology;Phones;223,912
12/09/2021;Furniture;Furnishings;8,36
12/09/2021;Office Supplies;Paper;346,55
12/09/2021;Office Supplies;Binders;45,78
12/09/2021;Office Supplies;Appliances;90,86
13/09/2021;Office Supplies;Art;15,92
14/09/2021;Furniture;Furnishings;127,936
14/09/2021;Furniture;Chairs;702,782
14/09/2021;Office Supplies;Storage;70,98
14/09/2021;Office Supplies;Paper;113,522
14/09/2021;Office Supplies;Labels;56,7
14/09/2021;Office Supplies;Binders;22,194
14/09/2021;Office Supplies;Art;100,9
14/09/2021;Office Supplies;Appliances;942,784
14/09/2021;Technology;Phones;1079,85
14/09/2021;Technology;Machines;253,755
14/09/2021;Technology;Accessories;895,944
15/09/2021;Furniture;Tables;300,904
15/09/2021;Furniture;Furnishings;612,86
15/09/2021;Furniture;Chairs;916,064
15/09/2021;Furniture;Bookcases;782,94
15/09/2021;Office Supplies;Storage;120,58
15/09/2021;Office Supplies;Paper;195,832
15/09/2021;Office Supplies;Binders;2897,712
15/09/2021;Office Supplies;Art;159,744
15/09/2021;Office Supplies;Appliances;108,96
15/09/2021;Technology;Phones;1129,45
15/09/2021;Technology;Accessories;59,98
16/09/2021;Furniture;Furnishings;22,512
16/09/2021;Office Supplies;Paper;50,1
16/09/2021;Office Supplies;Fasteners;17,9
16/09/2021;Office Supplies;Envelopes;17,568
16/09/2021;Office Supplies;Binders;541,638
16/09/2021;Office Supplies;Art;5,98
16/09/2021;Technology;Phones;55,992
16/09/2021;Technology;Accessories;137,96
17/09/2021;Furniture;Chairs;1042,35
17/09/2021;Furniture;Bookcases;1292,94
17/09/2021;Office Supplies;Storage;295,79
17/09/2021;Office Supplies;Paper;284,16
17/09/2021;Office Supplies;Labels;14,4
17/09/2021;Office Supplies;Binders;53,944
17/09/2021;Office Supplies;Art;9,912
17/09/2021;Technology;Phones;1415,76
17/09/2021;Technology;Machines;480
17/09/2021;Technology;Accessories;89,97
18/09/2021;Furniture;Furnishings;30,14
18/09/2021;Office Supplies;Supplies;34,48
18/09/2021;Office Supplies;Storage;47,584
18/09/2021;Office Supplies;Paper;523,25
18/09/2021;Office Supplies;Envelopes;125,708
18/09/2021;Office Supplies;Binders;10,08
18/09/2021;Office Supplies;Art;131,688
18/09/2021;Technology;Phones;507,66
18/09/2021;Technology;Accessories;101,34
19/09/2021;Furniture;Furnishings;409,216
19/09/2021;Furniture;Bookcases;72,588
19/09/2021;Office Supplies;Storage;108,24
19/09/2021;Office Supplies;Paper;32,4
19/09/2021;Office Supplies;Binders;23,022
19/09/2021;Office Supplies;Art;99,292
19/09/2021;Technology;Phones;663,896
19/09/2021;Technology;Accessories;239,534
20/09/2021;Furniture;Chairs;5496,174
20/09/2021;Office Supplies;Storage;45,4
20/09/2021;Office Supplies;Paper;52,28
20/09/2021;Office Supplies;Fasteners;4,36
20/09/2021;Office Supplies;Binders;11,784
20/09/2021;Technology;Phones;1404,51
20/09/2021;Technology;Accessories;345,41
21/09/2021;Office Supplies;Storage;15,51
21/09/2021;Office Supplies;Paper;55,86
21/09/2021;Office Supplies;Binders;34,362
21/09/2021;Office Supplies;Appliances;80,48
21/09/2021;Technology;Accessories;151,96
22/09/2021;Furniture;Furnishings;12,07
22/09/2021;Furniture;Bookcases;241,96
22/09/2021;Office Supplies;Supplies;4685,696
22/09/2021;Office Supplies;Storage;67,4
22/09/2021;Office Supplies;Paper;259,98
22/09/2021;Office Supplies;Labels;27,72
22/09/2021;Office Supplies;Envelopes;13,392
22/09/2021;Office Supplies;Binders;782,011
22/09/2021;Office Supplies;Art;17,94
22/09/2021;Technology;Phones;478,95
22/09/2021;Technology;Accessories;1284,094
23/09/2021;Furniture;Furnishings;29,328
23/09/2021;Furniture;Chairs;594,816
23/09/2021;Furniture;Bookcases;180,588
23/09/2021;Office Supplies;Storage;31,44
23/09/2021;Office Supplies;Paper;505,624
23/09/2021;Office Supplies;Envelopes;14,352
23/09/2021;Office Supplies;Binders;105,664
23/09/2021;Office Supplies;Appliances;354,096
23/09/2021;Technology;Phones;39,984
23/09/2021;Technology;Accessories;539,894
24/09/2021;Furniture;Furnishings;302,856
24/09/2021;Furniture;Chairs;1124,384
24/09/2021;Office Supplies;Supplies;7,3
24/09/2021;Office Supplies;Storage;55,8
24/09/2021;Office Supplies;Paper;42,504
24/09/2021;Office Supplies;Labels;251,694
24/09/2021;Office Supplies;Binders;54,28
24/09/2021;Office Supplies;Art;27
24/09/2021;Technology;Phones;3332,584
24/09/2021;Technology;Machines;506,28
24/09/2021;Technology;Accessories;745,78
25/09/2021;Furniture;Furnishings;47,12
25/09/2021;Furniture;Chairs;758,616
25/09/2021;Office Supplies;Supplies;190,896
25/09/2021;Office Supplies;Storage;217,45
25/09/2021;Office Supplies;Labels;20,7
25/09/2021;Office Supplies;Envelopes;24,448
25/09/2021;Office Supplies;Binders;16,855
25/09/2021;Office Supplies;Art;16,168
25/09/2021;Technology;Accessories;119,96
26/09/2021;Furniture;Furnishings;9,24
26/09/2021;Furniture;Chairs;419,136
26/09/2021;Office Supplies;Paper;35,88
26/09/2021;Office Supplies;Envelopes;71,88
26/09/2021;Office Supplies;Binders;948,216
26/09/2021;Office Supplies;Art;2,224
28/09/2021;Furniture;Furnishings;42,016
28/09/2021;Office Supplies;Supplies;1,744
28/09/2021;Office Supplies;Storage;147,184
28/09/2021;Office Supplies;Paper;24,72
28/09/2021;Office Supplies;Binders;79,431
28/09/2021;Office Supplies;Appliances;209,792
28/09/2021;Technology;Accessories;54,384
29/09/2021;Furniture;Tables;344,22
29/09/2021;Furniture;Furnishings;72,998
29/09/2021;Furniture;Chairs;136,47
29/09/2021;Office Supplies;Supplies;97,3
29/09/2021;Office Supplies;Storage;295,088
29/09/2021;Office Supplies;Paper;75,55
29/09/2021;Office Supplies;Labels;7,968
29/09/2021;Office Supplies;Fasteners;35
29/09/2021;Office Supplies;Envelopes;59,288
29/09/2021;Office Supplies;Binders;46,672
29/09/2021;Office Supplies;Art;99,2
29/09/2021;Office Supplies;Appliances;97,84
29/09/2021;Technology;Machines;336,51
29/09/2021;Technology;Accessories;239,976
30/09/2021;Office Supplies;Paper;344,58
30/09/2021;Office Supplies;Labels;20,664
30/09/2021;Office Supplies;Binders;11,646
30/09/2021;Office Supplies;Appliances;3,89
30/09/2021;Technology;Accessories;159,98
01/10/2021;Furniture;Chairs;559,76
01/10/2021;Office Supplies;Paper;216,13
01/10/2021;Office Supplies;Binders;144,304
01/10/2021;Office Supplies;Art;6,672
01/10/2021;Office Supplies;Appliances;241,96
01/10/2021;Technology;Machines;1704,89
01/10/2021;Technology;Accessories;104,75
02/10/2021;Furniture;Tables;2314,116
02/10/2021;Furniture;Furnishings;226,584
02/10/2021;Furniture;Bookcases;217,764
02/10/2021;Office Supplies;Supplies;39,072
02/10/2021;Office Supplies;Storage;1575,14
02/10/2021;Office Supplies;Paper;69,856
02/10/2021;Office Supplies;Fasteners;8,94
02/10/2021;Office Supplies;Binders;257,284
02/10/2021;Office Supplies;Art;152,124
02/10/2021;Office Supplies;Appliances;37,208
02/10/2021;Technology;Phones;150,774
02/10/2021;Technology;Machines;369,16
03/10/2021;Furniture;Tables;171,288
03/10/2021;Furniture;Furnishings;83,92
03/10/2021;Office Supplies;Storage;22,58
03/10/2021;Office Supplies;Paper;15,552
03/10/2021;Office Supplies;Binders;1793,98
03/10/2021;Office Supplies;Art;27,27
03/10/2021;Office Supplies;Appliances;17,92
03/10/2021;Technology;Accessories;371,97
04/10/2021;Furniture;Furnishings;19,98
05/10/2021;Furniture;Tables;206,352
05/10/2021;Furniture;Furnishings;72,9
05/10/2021;Furniture;Chairs;656,55
05/10/2021;Office Supplies;Paper;61,96
05/10/2021;Office Supplies;Fasteners;14,9
05/10/2021;Office Supplies;Binders;135,648
05/10/2021;Office Supplies;Appliances;15,8
05/10/2021;Technology;Phones;256,722
05/10/2021;Technology;Machines;5199,96
05/10/2021;Technology;Accessories;63,824
06/10/2021;Furniture;Furnishings;41,96
06/10/2021;Office Supplies;Storage;635,246
06/10/2021;Office Supplies;Paper;246,15
06/10/2021;Office Supplies;Art;28,496
06/10/2021;Office Supplies;Appliances;227,84
06/10/2021;Technology;Accessories;319,96
07/10/2021;Furniture;Tables;154,764
07/10/2021;Furniture;Bookcases;307,666
07/10/2021;Office Supplies;Storage;666,192
07/10/2021;Office Supplies;Fasteners;18,936
07/10/2021;Office Supplies;Binders;54,694
07/10/2021;Technology;Phones;431,048
07/10/2021;Technology;Accessories;1115,91
08/10/2021;Furniture;Chairs;145,764
08/10/2021;Office Supplies;Storage;83,44
08/10/2021;Technology;Phones;103,192
08/10/2021;Technology;Accessories;275,96
09/10/2021;Furniture;Tables;719,095
09/10/2021;Furniture;Furnishings;45,888
09/10/2021;Furniture;Chairs;254,058
09/10/2021;Furniture;Bookcases;314,352
09/10/2021;Office Supplies;Paper;64,996
09/10/2021;Office Supplies;Binders;31,056
09/10/2021;Office Supplies;Art;67,144
10/10/2021;Furniture;Chairs;239,358
12/10/2021;Furniture;Tables;673,344
12/10/2021;Furniture;Furnishings;40,48
12/10/2021;Furniture;Chairs;254,604
12/10/2021;Furniture;Bookcases;2154,9
12/10/2021;Office Supplies;Paper;28,296
12/10/2021;Office Supplies;Fasteners;17,9
12/10/2021;Office Supplies;Binders;181,712
12/10/2021;Office Supplies;Art;5,88
12/10/2021;Technology;Phones;369,544
12/10/2021;Technology;Accessories;1908,694
13/10/2021;Furniture;Tables;1504,52
13/10/2021;Furniture;Furnishings;10,476
13/10/2021;Office Supplies;Storage;408,272
13/10/2021;Office Supplies;Paper;119,056
13/10/2021;Office Supplies;Labels;35,91
13/10/2021;Office Supplies;Binders;5180,744
13/10/2021;Office Supplies;Appliances;904,9
13/10/2021;Technology;Phones;31,984
13/10/2021;Technology;Accessories;209,94
14/10/2021;Furniture;Furnishings;9,46
14/10/2021;Office Supplies;Binders;78,512
14/10/2021;Technology;Accessories;46,36
15/10/2021;Furniture;Tables;510,24
15/10/2021;Furniture;Furnishings;22,72
15/10/2021;Office Supplies;Paper;204,95
15/10/2021;Office Supplies;Labels;180,43
15/10/2021;Office Supplies;Art;99,6
16/10/2021;Furniture;Tables;1875,258
16/10/2021;Furniture;Furnishings;547,3
16/10/2021;Office Supplies;Paper;307,776
16/10/2021;Office Supplies;Binders;124,75
16/10/2021;Technology;Machines;599,985
16/10/2021;Technology;Accessories;18,528
17/10/2021;Office Supplies;Storage;49,96
17/10/2021;Office Supplies;Paper;12,96
17/10/2021;Office Supplies;Art;10,64
17/10/2021;Technology;Phones;52,792
19/10/2021;Furniture;Tables;115,643
19/10/2021;Furniture;Furnishings;87,12
19/10/2021;Furniture;Bookcases;328,3992
19/10/2021;Office Supplies;Storage;32,7
19/10/2021;Office Supplies;Paper;53,152
19/10/2021;Office Supplies;Labels;31,5
19/10/2021;Office Supplies;Envelopes;8,96
19/10/2021;Office Supplies;Binders;1674,884
19/10/2021;Office Supplies;Art;123,256
19/10/2021;Technology;Phones;326,256
20/10/2021;Furniture;Tables;284,364
20/10/2021;Furniture;Furnishings;43,936
20/10/2021;Office Supplies;Storage;670,176
20/10/2021;Office Supplies;Paper;106,512
20/10/2021;Office Supplies;Labels;28,3
20/10/2021;Office Supplies;Binders;166,778
20/10/2021;Office Supplies;Art;17,808
20/10/2021;Technology;Phones;15,984
21/10/2021;Furniture;Tables;262,11
21/10/2021;Furniture;Furnishings;45,696
21/10/2021;Furniture;Chairs;1162,432
21/10/2021;Office Supplies;Storage;980,496
21/10/2021;Office Supplies;Paper;9,248
21/10/2021;Office Supplies;Binders;75,495
21/10/2021;Office Supplies;Art;17,856
21/10/2021;Office Supplies;Appliances;185,56
21/10/2021;Technology;Phones;1769,908
21/10/2021;Technology;Accessories;28,4
22/10/2021;Furniture;Tables;426,205
22/10/2021;Furniture;Chairs;579,136
22/10/2021;Office Supplies;Storage;333,09
22/10/2021;Office Supplies;Envelopes;95,58
22/10/2021;Office Supplies;Binders;3,168
22/10/2021;Office Supplies;Art;36,44
22/10/2021;Technology;Phones;2485,29
22/10/2021;Technology;Copiers;11199,968
23/10/2021;Furniture;Tables;878,64
23/10/2021;Furniture;Furnishings;314,76
23/10/2021;Office Supplies;Storage;272,856
23/10/2021;Office Supplies;Paper;81,4
23/10/2021;Office Supplies;Binders;13,326
23/10/2021;Office Supplies;Art;10,272
23/10/2021;Office Supplies;Appliances;2,22
23/10/2021;Technology;Phones;1723,72
23/10/2021;Technology;Accessories;55,2
24/10/2021;Furniture;Tables;517,405
24/10/2021;Office Supplies;Fasteners;11,68
26/10/2021;Furniture;Tables;356,85
26/10/2021;Office Supplies;Storage;55,616
26/10/2021;Office Supplies;Labels;20,92
26/10/2021;Office Supplies;Envelopes;251,58
26/10/2021;Office Supplies;Binders;114,72
26/10/2021;Technology;Phones;180,192
26/10/2021;Technology;Accessories;19,99
27/10/2021;Furniture;Tables;189,576
27/10/2021;Furniture;Bookcases;556,665
27/10/2021;Office Supplies;Paper;110,016
27/10/2021;Office Supplies;Envelopes;15,84
27/10/2021;Office Supplies;Binders;5,607
27/10/2021;Office Supplies;Art;13,632
27/10/2021;Technology;Phones;194,984
28/10/2021;Furniture;Furnishings;77,952
28/10/2021;Office Supplies;Storage;147,184
28/10/2021;Office Supplies;Paper;63,504
28/10/2021;Office Supplies;Labels;21,93
28/10/2021;Office Supplies;Envelopes;47,98
28/10/2021;Technology;Accessories;50,176
29/10/2021;Office Supplies;Paper;46,96
30/10/2021;Furniture;Tables;251,006
30/10/2021;Furniture;Furnishings;33
30/10/2021;Furniture;Chairs;817,772
30/10/2021;Furniture;Bookcases;199,98
30/10/2021;Office Supplies;Supplies;35,06
30/10/2021;Office Supplies;Storage;171,34
30/10/2021;Office Supplies;Paper;28,156
30/10/2021;Office Supplies;Labels;73,86
30/10/2021;Office Supplies;Binders;102,656
30/10/2021;Office Supplies;Art;19,9
30/10/2021;Office Supplies;Appliances;1702,12
30/10/2021;Technology;Phones;148,48
30/10/2021;Technology;Accessories;442,4
31/10/2021;Office Supplies;Envelopes;9,912
31/10/2021;Office Supplies;Art;5,248
31/10/2021;Technology;Phones;508,768
01/11/2021;Furniture;Tables;2665,62
01/11/2021;Office Supplies;Paper;230,69
01/11/2021;Office Supplies;Binders;25,12
02/11/2021;Furniture;Furnishings;28,332
02/11/2021;Furniture;Chairs;1131,292
02/11/2021;Office Supplies;Supplies;384,592
02/11/2021;Office Supplies;Storage;512,47
02/11/2021;Office Supplies;Paper;55,05
02/11/2021;Office Supplies;Fasteners;23,82
02/11/2021;Office Supplies;Envelopes;90,756
02/11/2021;Office Supplies;Binders;590,352
02/11/2021;Office Supplies;Art;96,476
02/11/2021;Office Supplies;Appliances;272,136
02/11/2021;Technology;Phones;859,2
02/11/2021;Technology;Accessories;2249,91
03/11/2021;Furniture;Tables;2159,552
03/11/2021;Furniture;Furnishings;57,362
03/11/2021;Furniture;Chairs;307,136
03/11/2021;Office Supplies;Storage;52,4
03/11/2021;Office Supplies;Paper;237,66
03/11/2021;Office Supplies;Labels;27,33
03/11/2021;Office Supplies;Binders;34,127
03/11/2021;Office Supplies;Art;55,984
03/11/2021;Technology;Phones;361,376
03/11/2021;Technology;Copiers;959,984
03/11/2021;Technology;Accessories;284,026
04/11/2021;Furniture;Tables;523,764
04/11/2021;Office Supplies;Storage;247,104
04/11/2021;Office Supplies;Paper;9,664
04/11/2021;Office Supplies;Labels;28,608
04/11/2021;Office Supplies;Binders;16,652
04/11/2021;Office Supplies;Art;4,3
04/11/2021;Office Supplies;Appliances;167,44
04/11/2021;Technology;Phones;1503,888
04/11/2021;Technology;Machines;7999,98
04/11/2021;Technology;Accessories;166,696
05/11/2021;Furniture;Tables;166,5
05/11/2021;Furniture;Furnishings;101,4
05/11/2021;Furniture;Chairs;128,124
05/11/2021;Office Supplies;Storage;243,992
05/11/2021;Office Supplies;Paper;377,03
05/11/2021;Office Supplies;Binders;194,53
05/11/2021;Technology;Phones;592,748
05/11/2021;Technology;Accessories;550,74
06/11/2021;Furniture;Tables;2036,86
06/11/2021;Furniture;Furnishings;67,562
06/11/2021;Furniture;Chairs;576,94
06/11/2021;Office Supplies;Storage;323,556
06/11/2021;Office Supplies;Paper;561,876
06/11/2021;Office Supplies;Labels;41,4
06/11/2021;Office Supplies;Envelopes;15,28
06/11/2021;Office Supplies;Binders;20,202
06/11/2021;Office Supplies;Art;19,58
06/11/2021;Office Supplies;Appliances;499,584
06/11/2021;Technology;Accessories;125,91
07/11/2021;Furniture;Tables;350,352
07/11/2021;Furniture;Chairs;272,97
07/11/2021;Office Supplies;Binders;59,952
07/11/2021;Office Supplies;Appliances;100,94
07/11/2021;Technology;Phones;1121,514
07/11/2021;Technology;Accessories;507,65
08/11/2021;Furniture;Furnishings;274,2
08/11/2021;Office Supplies;Art;109,9
09/11/2021;Furniture;Furnishings;143,65
09/11/2021;Furniture;Chairs;739,368
09/11/2021;Office Supplies;Storage;2241,08
09/11/2021;Office Supplies;Binders;9,64
09/11/2021;Technology;Phones;499,168
09/11/2021;Technology;Accessories;1118,586
10/11/2021;Furniture;Furnishings;341,96
10/11/2021;Furniture;Chairs;1140,56
10/11/2021;Office Supplies;Binders;1036,228
10/11/2021;Office Supplies;Art;7,8
10/11/2021;Office Supplies;Appliances;400,8
10/11/2021;Technology;Phones;632,464
10/11/2021;Technology;Machines;95,994
10/11/2021;Technology;Accessories;351,742
11/11/2021;Furniture;Furnishings;123,84
11/11/2021;Office Supplies;Supplies;25,5
11/11/2021;Office Supplies;Storage;35,48
11/11/2021;Office Supplies;Paper;29,808
11/11/2021;Office Supplies;Labels;10,44
11/11/2021;Office Supplies;Fasteners;45,92
11/11/2021;Office Supplies;Binders;158,176
11/11/2021;Office Supplies;Art;181,86
11/11/2021;Office Supplies;Appliances;1169,01
11/11/2021;Technology;Phones;35,184
12/11/2021;Furniture;Furnishings;136,416
12/11/2021;Furniture;Chairs;113,888
12/11/2021;Office Supplies;Supplies;27,93
12/11/2021;Office Supplies;Storage;839,024
12/11/2021;Office Supplies;Paper;321,92
12/11/2021;Office Supplies;Labels;9,96
12/11/2021;Office Supplies;Fasteners;18,24
12/11/2021;Office Supplies;Envelopes;12,224
12/11/2021;Office Supplies;Binders;60,496
12/11/2021;Office Supplies;Art;9,21
12/11/2021;Office Supplies;Appliances;76,12
12/11/2021;Technology;Phones;1118,678
12/11/2021;Technology;Accessories;167,28
13/11/2021;Furniture;Furnishings;154,95
13/11/2021;Furniture;Chairs;2404,704
13/11/2021;Furniture;Bookcases;205,9992
13/11/2021;Office Supplies;Storage;1368,352
13/11/2021;Office Supplies;Paper;8,904
13/11/2021;Office Supplies;Labels;8,64
13/11/2021;Office Supplies;Binders;574,244
13/11/2021;Office Supplies;Art;2,064
13/11/2021;Office Supplies;Appliances;9,324
13/11/2021;Technology;Phones;695,55
13/11/2021;Technology;Machines;652,995
13/11/2021;Technology;Accessories;547,694
14/11/2021;Furniture;Chairs;321,568
14/11/2021;Office Supplies;Storage;96,36
14/11/2021;Office Supplies;Envelopes;15,28
14/11/2021;Office Supplies;Binders;34,278
14/11/2021;Office Supplies;Art;79,28
14/11/2021;Technology;Phones;119,94
14/11/2021;Technology;Accessories;167,952
15/11/2021;Furniture;Furnishings;559,2
16/11/2021;Furniture;Furnishings;289,59
16/11/2021;Office Supplies;Storage;893,43
16/11/2021;Office Supplies;Paper;220,5
16/11/2021;Office Supplies;Binders;1,824
16/11/2021;Office Supplies;Art;109,712
16/11/2021;Technology;Phones;227,82
16/11/2021;Technology;Machines;1972,416
16/11/2021;Technology;Copiers;899,982
16/11/2021;Technology;Accessories;139,96
17/11/2021;Furniture;Furnishings;187,76
17/11/2021;Furniture;Bookcases;327,7328
17/11/2021;Office Supplies;Storage;1247,64
17/11/2021;Office Supplies;Paper;326,728
17/11/2021;Office Supplies;Binders;61,862
17/11/2021;Office Supplies;Art;50,94
17/11/2021;Office Supplies;Appliances;35,04
17/11/2021;Technology;Phones;206,1
17/11/2021;Technology;Copiers;10499,97
17/11/2021;Technology;Accessories;751,11
18/11/2021;Furniture;Furnishings;25,58
18/11/2021;Furniture;Chairs;127,386
18/11/2021;Office Supplies;Supplies;2,944
18/11/2021;Office Supplies;Storage;477,26
18/11/2021;Office Supplies;Paper;106,592
18/11/2021;Office Supplies;Labels;7,38
18/11/2021;Office Supplies;Fasteners;2,96
18/11/2021;Office Supplies;Envelopes;55,584
18/11/2021;Office Supplies;Binders;28,68
18/11/2021;Office Supplies;Art;38,864
18/11/2021;Office Supplies;Appliances;389,056
18/11/2021;Technology;Phones;74,95
18/11/2021;Technology;Accessories;132,52
19/11/2021;Furniture;Tables;1017,165
19/11/2021;Furniture;Furnishings;856,572
19/11/2021;Furniture;Chairs;729,428
19/11/2021;Office Supplies;Supplies;6,672
19/11/2021;Office Supplies;Storage;305,01
19/11/2021;Office Supplies;Paper;30,256
19/11/2021;Office Supplies;Fasteners;25,06
19/11/2021;Office Supplies;Envelopes;16,74
19/11/2021;Office Supplies;Binders;1706,749
19/11/2021;Office Supplies;Art;166,912
19/11/2021;Office Supplies;Appliances;2504,74
19/11/2021;Technology;Phones;31,968
20/11/2021;Furniture;Furnishings;203,406
20/11/2021;Furniture;Chairs;493,488
20/11/2021;Furniture;Bookcases;183,968
20/11/2021;Office Supplies;Paper;46,76
20/11/2021;Office Supplies;Binders;84,056
20/11/2021;Office Supplies;Art;143,666
20/11/2021;Technology;Phones;1829,96
20/11/2021;Technology;Accessories;2,97
21/11/2021;Furniture;Tables;70,98
21/11/2021;Furniture;Furnishings;27,42
21/11/2021;Office Supplies;Storage;95,856
21/11/2021;Office Supplies;Paper;60,288
21/11/2021;Office Supplies;Fasteners;9,02
21/11/2021;Office Supplies;Binders;191,536
21/11/2021;Office Supplies;Art;17,32
21/11/2021;Office Supplies;Appliances;8,62
21/11/2021;Technology;Phones;715,152
21/11/2021;Technology;Machines;1039,992
22/11/2021;Office Supplies;Art;35,712
23/11/2021;Furniture;Tables;127,785
23/11/2021;Furniture;Furnishings;58,912
23/11/2021;Office Supplies;Supplies;4,36
23/11/2021;Office Supplies;Paper;125,28
23/11/2021;Office Supplies;Labels;11,52
23/11/2021;Office Supplies;Binders;301,5
23/11/2021;Office Supplies;Art;3,304
23/11/2021;Technology;Phones;446,336
23/11/2021;Technology;Accessories;74,112
24/11/2021;Furniture;Tables;435,168
24/11/2021;Furniture;Chairs;977,292
24/11/2021;Furniture;Bookcases;321,568
24/11/2021;Office Supplies;Storage;1893,122
24/11/2021;Office Supplies;Paper;256,164
24/11/2021;Office Supplies;Fasteners;10,824
24/11/2021;Office Supplies;Envelopes;232,808
24/11/2021;Office Supplies;Binders;382,125
24/11/2021;Office Supplies;Art;44,14
24/11/2021;Office Supplies;Appliances;13,762
24/11/2021;Technology;Phones;169,088
24/11/2021;Technology;Accessories;223,58
25/11/2021;Furniture;Chairs;1555,89
25/11/2021;Furniture;Bookcases;1083,419
25/11/2021;Office Supplies;Storage;512,29
25/11/2021;Office Supplies;Paper;82,95
25/11/2021;Office Supplies;Art;23,848
25/11/2021;Office Supplies;Appliances;67,84
25/11/2021;Technology;Phones;339,92
26/11/2021;Furniture;Tables;257,94
26/11/2021;Furniture;Furnishings;289,06
26/11/2021;Furniture;Chairs;828,6
26/11/2021;Office Supplies;Binders;126,912
26/11/2021;Office Supplies;Art;12,84
26/11/2021;Office Supplies;Appliances;324,138
26/11/2021;Technology;Phones;3170,642
26/11/2021;Technology;Accessories;38,04
27/11/2021;Furniture;Furnishings;65,78
27/11/2021;Office Supplies;Paper;402,83
27/11/2021;Office Supplies;Binders;722,852
27/11/2021;Office Supplies;Art;15,75
27/11/2021;Office Supplies;Appliances;43,584
27/11/2021;Technology;Phones;57,568
27/11/2021;Technology;Accessories;309,89
28/11/2021;Furniture;Tables;2065,32
28/11/2021;Furniture;Furnishings;2593,82
28/11/2021;Office Supplies;Paper;129,664
28/11/2021;Office Supplies;Labels;62,65
28/11/2021;Office Supplies;Envelopes;79,96
28/11/2021;Office Supplies;Art;1,64
28/11/2021;Technology;Phones;1979,89
29/11/2021;Furniture;Furnishings;101,52
29/11/2021;Furniture;Chairs;390,368
30/11/2021;Furniture;Tables;1781,682
30/11/2021;Furniture;Furnishings;25,83
30/11/2021;Furniture;Chairs;2322,216
30/11/2021;Office Supplies;Storage;526,85
30/11/2021;Office Supplies;Fasteners;2,368
30/11/2021;Office Supplies;Binders;68,472
30/11/2021;Office Supplies;Art;155,94
30/11/2021;Office Supplies;Appliances;663,936
30/11/2021;Technology;Phones;618,036
30/11/2021;Technology;Accessories;479,952
01/12/2021;Furniture;Furnishings;787,152
01/12/2021;Furniture;Chairs;1613,18
01/12/2021;Furniture;Bookcases;141,96
01/12/2021;Office Supplies;Storage;976,092
01/12/2021;Office Supplies;Paper;117,028
01/12/2021;Office Supplies;Labels;15,936
01/12/2021;Office Supplies;Fasteners;52,29
01/12/2021;Office Supplies;Envelopes;104,68
01/12/2021;Office Supplies;Binders;74,272
01/12/2021;Office Supplies;Appliances;31,152
01/12/2021;Technology;Phones;1397,066
01/12/2021;Technology;Accessories;20,37
02/12/2021;Furniture;Furnishings;517,456
02/12/2021;Furniture;Chairs;2767,696
02/12/2021;Furniture;Bookcases;242,352
02/12/2021;Office Supplies;Supplies;4,36
02/12/2021;Office Supplies;Storage;673,908
02/12/2021;Office Supplies;Paper;129,34
02/12/2021;Office Supplies;Binders;859,8
02/12/2021;Office Supplies;Art;337,254
02/12/2021;Office Supplies;Appliances;660,95
02/12/2021;Technology;Phones;3758,066
03/12/2021;Furniture;Tables;521,96
03/12/2021;Furniture;Furnishings;69,88
03/12/2021;Office Supplies;Supplies;47,32
03/12/2021;Office Supplies;Paper;211,576
03/12/2021;Office Supplies;Labels;3,15
03/12/2021;Office Supplies;Binders;127,326
03/12/2021;Office Supplies;Art;13,344
03/12/2021;Office Supplies;Appliances;45,216
03/12/2021;Technology;Phones;136,99
03/12/2021;Technology;Accessories;227,08
04/12/2021;Furniture;Furnishings;79,11
04/12/2021;Furniture;Chairs;913,672
04/12/2021;Office Supplies;Storage;61,568
04/12/2021;Office Supplies;Paper;110,032
04/12/2021;Office Supplies;Binders;5,346
04/12/2021;Office Supplies;Art;22,192
04/12/2021;Technology;Machines;649
04/12/2021;Technology;Accessories;798,718
05/12/2021;Furniture;Furnishings;321,48
05/12/2021;Office Supplies;Paper;153,44
05/12/2021;Office Supplies;Labels;20,52
05/12/2021;Office Supplies;Binders;305,76
05/12/2021;Office Supplies;Appliances;316,34
05/12/2021;Technology;Phones;31,176
05/12/2021;Technology;Accessories;304,42
06/12/2021;Office Supplies;Storage;10,68
07/12/2021;Furniture;Furnishings;82,38
07/12/2021;Office Supplies;Paper;65,592
07/12/2021;Office Supplies;Fasteners;3,552
07/12/2021;Office Supplies;Binders;1889,99
07/12/2021;Office Supplies;Appliances;320,64
07/12/2021;Technology;Phones;374,376
07/12/2021;Technology;Accessories;179,984
08/12/2021;Furniture;Tables;1004,024
08/12/2021;Furniture;Furnishings;238,38
08/12/2021;Furniture;Chairs;329,112
08/12/2021;Furniture;Bookcases;1796,749
08/12/2021;Office Supplies;Storage;970,15
08/12/2021;Office Supplies;Paper;287,81
08/12/2021;Office Supplies;Labels;89,41
08/12/2021;Office Supplies;Binders;112,904
08/12/2021;Office Supplies;Art;13,248
08/12/2021;Office Supplies;Appliances;1159,23
08/12/2021;Technology;Phones;83,988
08/12/2021;Technology;Copiers;1199,976
08/12/2021;Technology;Accessories;358,06
09/12/2021;Furniture;Tables;896,328
09/12/2021;Furniture;Furnishings;9,708
09/12/2021;Furniture;Chairs;872,94
09/12/2021;Furniture;Bookcases;148,257
09/12/2021;Office Supplies;Storage;79,588
09/12/2021;Office Supplies;Paper;640,59
09/12/2021;Office Supplies;Labels;5,76
09/12/2021;Office Supplies;Envelopes;57,576
09/12/2021;Office Supplies;Binders;211,181
09/12/2021;Office Supplies;Art;48,484
09/12/2021;Office Supplies;Appliances;403,9
09/12/2021;Technology;Phones;444,768
09/12/2021;Technology;Copiers;1399,98
09/12/2021;Technology;Accessories;251,33
10/12/2021;Furniture;Tables;1669,6
10/12/2021;Furniture;Furnishings;432,664
10/12/2021;Office Supplies;Storage;324,9
10/12/2021;Office Supplies;Paper;23,328
10/12/2021;Office Supplies;Envelopes;10,86
10/12/2021;Office Supplies;Binders;169,117
10/12/2021;Office Supplies;Art;18,24
10/12/2021;Office Supplies;Appliances;426,79
10/12/2021;Technology;Phones;134,81
10/12/2021;Technology;Accessories;663,25
11/12/2021;Furniture;Tables;721,875
11/12/2021;Furniture;Furnishings;77,72
11/12/2021;Furniture;Chairs;648,934
11/12/2021;Office Supplies;Paper;28,308
11/12/2021;Office Supplies;Fasteners;6,54
11/12/2021;Office Supplies;Envelopes;7,28
11/12/2021;Office Supplies;Binders;819,892
11/12/2021;Office Supplies;Art;13,584
11/12/2021;Office Supplies;Appliances;24,142
11/12/2021;Technology;Phones;319,398
11/12/2021;Technology;Accessories;156,292
13/12/2021;Furniture;Furnishings;201,04
13/12/2021;Furniture;Bookcases;287,976
13/12/2021;Office Supplies;Storage;31,44
13/12/2021;Office Supplies;Paper;51,84
13/12/2021;Office Supplies;Labels;8,64
14/12/2021;Furniture;Tables;1501,57
14/12/2021;Furniture;Furnishings;350,962
14/12/2021;Office Supplies;Supplies;25,71
14/12/2021;Office Supplies;Storage;73,85
14/12/2021;Office Supplies;Fasteners;17,28
14/12/2021;Office Supplies;Envelopes;43,7
14/12/2021;Office Supplies;Binders;64,96
14/12/2021;Office Supplies;Art;95,232
14/12/2021;Technology;Phones;52,68
14/12/2021;Technology;Copiers;1199,98
14/12/2021;Technology;Accessories;471,79
15/12/2021;Furniture;Furnishings;22,77
15/12/2021;Office Supplies;Paper;22,83
15/12/2021;Office Supplies;Art;10,192
15/12/2021;Office Supplies;Appliances;54,32
15/12/2021;Technology;Phones;196,776
16/12/2021;Furniture;Furnishings;18,96
16/12/2021;Furniture;Chairs;178,752
16/12/2021;Office Supplies;Storage;158,9
16/12/2021;Office Supplies;Paper;13,36
16/12/2021;Office Supplies;Labels;44,4
16/12/2021;Office Supplies;Binders;74,48
16/12/2021;Office Supplies;Art;29,95
16/12/2021;Technology;Accessories;339,9
17/12/2021;Furniture;Furnishings;124,36
17/12/2021;Furniture;Chairs;504,9
17/12/2021;Office Supplies;Supplies;13,98
17/12/2021;Office Supplies;Storage;1224,98
17/12/2021;Office Supplies;Paper;41,39
17/12/2021;Office Supplies;Binders;51,864
17/12/2021;Office Supplies;Appliances;66,284
18/12/2021;Furniture;Furnishings;118,91
18/12/2021;Furniture;Chairs;1141,938
18/12/2021;Furniture;Bookcases;119,833
18/12/2021;Office Supplies;Paper;136,72
18/12/2021;Office Supplies;Fasteners;4,824
18/12/2021;Office Supplies;Binders;53,908
18/12/2021;Office Supplies;Art;85,786
18/12/2021;Office Supplies;Appliances;1834,672
18/12/2021;Technology;Accessories;149,32
19/12/2021;Furniture;Furnishings;13,36
19/12/2021;Furniture;Bookcases;102,018
19/12/2021;Office Supplies;Supplies;1665,62
19/12/2021;Office Supplies;Storage;78,256
19/12/2021;Office Supplies;Binders;36,672
20/12/2021;Office Supplies;Paper;320,4
20/12/2021;Office Supplies;Binders;57,336
21/12/2021;Furniture;Furnishings;15,92
21/12/2021;Office Supplies;Supplies;69,5
21/12/2021;Office Supplies;Storage;1499,72
21/12/2021;Office Supplies;Paper;166,44
21/12/2021;Office Supplies;Binders;23,88
21/12/2021;Office Supplies;Art;12,51
21/12/2021;Technology;Phones;281,97
21/12/2021;Technology;Accessories;71
22/12/2021;Furniture;Tables;2136,826
22/12/2021;Furniture;Chairs;1728,65
22/12/2021;Furniture;Bookcases;220,98
22/12/2021;Office Supplies;Supplies;695,16
22/12/2021;Office Supplies;Storage;94,64
22/12/2021;Office Supplies;Paper;101,8
22/12/2021;Office Supplies;Labels;18,45
22/12/2021;Office Supplies;Envelopes;7,824
22/12/2021;Office Supplies;Binders;7,971
22/12/2021;Office Supplies;Art;27,298
22/12/2021;Office Supplies;Appliances;898,67
22/12/2021;Technology;Phones;696,998
22/12/2021;Technology;Accessories;806,754
23/12/2021;Furniture;Furnishings;282,114
23/12/2021;Office Supplies;Storage;648,352
23/12/2021;Office Supplies;Paper;249,504
23/12/2021;Office Supplies;Envelopes;182,94
23/12/2021;Office Supplies;Binders;13,84
23/12/2021;Office Supplies;Art;25,744
23/12/2021;Office Supplies;Appliances;29,312
23/12/2021;Technology;Phones;494,97
24/12/2021;Furniture;Furnishings;46,474
24/12/2021;Furniture;Chairs;1347,02
24/12/2021;Office Supplies;Storage;1267,94
24/12/2021;Office Supplies;Paper;19,44
24/12/2021;Office Supplies;Binders;156,348
24/12/2021;Office Supplies;Appliances;35,91
24/12/2021;Technology;Machines;479,97
24/12/2021;Technology;Copiers;2879,952
25/12/2021;Furniture;Tables;273,06
25/12/2021;Furniture;Furnishings;62,96
25/12/2021;Furniture;Chairs;304,45
25/12/2021;Furniture;Bookcases;191,984
25/12/2021;Office Supplies;Supplies;44,688
25/12/2021;Office Supplies;Storage;366,56
25/12/2021;Office Supplies;Paper;725,18
25/12/2021;Office Supplies;Fasteners;42,932
25/12/2021;Office Supplies;Binders;254,161
25/12/2021;Office Supplies;Art;31,744
25/12/2021;Technology;Phones;90,48
25/12/2021;Technology;Machines;120
25/12/2021;Technology;Accessories;190,728
26/12/2021;Office Supplies;Storage;750,68
26/12/2021;Office Supplies;Paper;60,782
26/12/2021;Office Supplies;Binders;3,132
27/12/2021;Office Supplies;Art;13,248
27/12/2021;Technology;Phones;164,388
28/12/2021;Furniture;Furnishings;18,328
28/12/2021;Furniture;Chairs;454,076
28/12/2021;Furniture;Bookcases;78,8528
28/12/2021;Office Supplies;Storage;908,874
28/12/2021;Office Supplies;Paper;4,28
28/12/2021;Office Supplies;Labels;72,45
28/12/2021;Office Supplies;Fasteners;13,96
28/12/2021;Office Supplies;Binders;62,032
28/12/2021;Office Supplies;Art;29,648
28/12/2021;Technology;Phones;14,85
29/12/2021;Furniture;Furnishings;169,58
29/12/2021;Furniture;Chairs;2161,138
29/12/2021;Office Supplies;Paper;209,7
29/12/2021;Office Supplies;Fasteners;25,63
29/12/2021;Office Supplies;Binders;12,53
29/12/2021;Office Supplies;Art;34,58
29/12/2021;Technology;Phones;302,376
30/12/2021;Furniture;Bookcases;323,136
30/12/2021;Office Supplies;Fasteners;3,024
30/12/2021;Office Supplies;Binders;87,4
30/12/2021;Office Supplies;Appliances;209,3
30/12/2021;Technology;Phones;90,93
